id,0_female,1_age,2_num_chronic,3_married,4_urban,5_hours_tv,6_hours_sm,7_num_sunny,8_avg_temp,9_close_friends,10_worship_days,11_years_edu,12_employed_ft,13_income,14_happiness
1,1,50,1,1,1,7.2,7.9,136,55.6,8,78,12,1,60607,44
2,1,68,4,0,0,7.0,5.5,104,54.9,7,22,16,0,27155,26
3,1,60,5,0,1,11.4,7.0,132,60.0,8,55,20,1,56371,31
4,0,24,3,0,0,13.1,5.7,139,56.7,5,0,10,1,53930,26
5,1,30,1,1,0,6.1,1.7,108,64.2,0,73,10,1,53575,41
6,1,26,1,1,1,3.8,6.2,110,53.2,7,64,16,1,65970,39
7,0,39,4,0,1,9.4,2.9,106,59.3,2,42,14,1,57326,30
8,1,63,3,0,1,12.7,1.5,117,52.1,3,31,12,1,55083,29
9,0,49,4,0,0,17.1,7.2,117,52.7,2,27,12,1,54169,29
10,1,71,1,0,1,18.1,4.9,129,53.3,9,101,16,0,22214,36
11,0,77,1,0,1,9.1,4.5,143,59.0,1,65,18,1,61311,32
12,0,34,4,1,0,5.4,1.6,99,52.8,5,19,14,1,67875,39
13,0,46,2,0,0,7.4,7.2,124,50.9,4,18,16,0,26800,25
14,0,28,4,0,0,12.0,7.5,90,57.7,5,14,14,0,28643,26
15,0,43,5,0,1,9.5,7.2,93,43.6,1,39,10,1,54104,28
16,0,36,3,1,1,2.4,4.3,85,58.3,1,1,18,1,73187,32
17,0,27,5,0,0,17.3,1.8,142,61.0,3,31,12,1,51514,26
18,0,21,3,0,0,10.5,6.2,115,52.9,3,64,10,1,50841,35
19,1,30,3,1,1,11.2,2.4,122,53.7,5,91,18,1,65825,40
20,1,35,1,1,1,17.6,6.4,128,64.2,6,59,18,1,58433,40
21,0,61,2,0,1,11.5,4.5,84,60.6,2,27,12,1,58568,26
22,0,28,1,0,1,14.2,4.9,104,63.1,5,26,16,1,61098,26
23,1,41,1,0,0,2.5,7.8,104,56.6,6,25,22,0,30799,27
24,0,26,1,1,0,9.5,10.7,127,53.3,5,63,18,1,61358,38
25,1,41,1,0,0,15.5,3.7,119,54.2,7,59,14,0,22097,28
26,1,43,4,0,0,11.7,8.3,128,51.2,7,96,12,0,14477,34
27,0,41,2,0,0,7.5,1.8,113,52.0,3,37,18,1,59220,29
28,0,32,5,1,1,11.4,1.5,118,57.5,3,0,18,1,69815,30
29,0,38,2,1,1,10.2,4.2,120,48.8,5,15,20,1,68669,36
30,0,63,1,1,1,9.7,10.0,136,54.3,4,21,10,1,61527,36
31,1,26,0,1,1,6.2,4.0,130,47.2,7,116,18,1,63462,42
32,0,27,4,0,0,8.0,3.8,148,57.3,2,37,10,1,54381,26
33,0,26,2,0,1,14.8,4.4,108,59.8,3,0,14,1,61151,26
34,0,34,0,0,1,11.5,2.1,131,48.1,5,88,14,1,60236,33
35,0,52,2,1,1,6.1,5.5,99,61.8,0,25,12,1,67834,31
36,0,39,3,1,1,12.2,4.8,130,57.0,4,31,12,1,61956,35
37,0,58,0,1,0,2.5,3.4,105,52.5,5,7,14,1,66888,42
38,1,26,0,1,1,3.2,7.3,104,58.3,8,33,16,1,64812,36
39,0,38,1,0,1,11.5,4.2,110,53.1,5,24,10,1,55540,32
40,0,70,3,1,0,7.5,3.3,128,60.2,0,48,20,0,32543,34
41,0,29,4,0,1,10.8,7.3,109,60.9,5,48,16,1,57065,30
42,1,42,3,1,1,9.0,5.3,118,59.6,4,87,10,1,59601,41
43,1,80,0,0,0,9.0,6.1,127,61.4,2,65,16,0,20345,30
44,0,67,3,0,1,9.8,7.5,171,51.2,2,41,18,1,66163,29
45,1,53,2,0,1,7.1,5.4,110,54.4,7,64,10,1,49085,36
46,0,68,5,0,1,7.4,4.2,120,54.3,5,36,20,1,61645,28
47,0,55,4,1,1,10.5,8.2,110,60.2,4,28,16,0,32990,32
48,1,44,2,0,0,7.0,5.0,103,46.9,7,99,16,1,52546,38
49,0,50,2,0,0,12.8,8.6,152,50.1,0,35,20,1,62715,26
50,1,68,4,0,1,10.1,3.5,142,57.4,6,0,18,0,25702,26
51,0,51,4,1,1,12.6,4.0,109,48.8,3,84,12,1,68002,41
52,1,67,1,0,1,17.7,2.7,128,58.4,5,60,10,0,21751,31
53,1,38,4,0,1,11.7,1.5,135,47.9,3,51,20,1,62137,32
54,0,33,2,1,1,4.7,9.0,102,57.9,1,38,10,0,35153,28
55,1,23,0,1,1,14.8,2.9,85,59.9,5,62,12,1,55511,37
56,1,59,3,0,0,1.5,6.4,152,56.5,8,63,14,0,19309,28
57,1,55,3,0,1,9.3,2.8,142,55.7,5,69,12,1,49772,30
58,1,23,2,1,1,13.5,7.1,146,54.1,9,30,16,0,33444,37
59,1,63,2,1,1,11.3,8.2,143,65.7,8,67,18,1,65735,42
60,1,57,5,0,0,9.4,5.2,76,53.9,10,38,10,1,49697,36
61,0,46,1,1,1,9.6,5.4,138,62.9,4,44,18,0,41593,35
62,0,76,4,1,1,8.6,4.7,123,58.9,1,28,16,0,38117,32
63,0,51,1,0,0,9.0,4.4,93,54.1,0,25,14,1,60570,27
64,0,64,4,0,0,5.4,0.4,87,62.0,5,10,10,1,58865,31
65,0,27,3,0,1,14.9,7.1,109,55.1,5,0,18,1,64490,29
66,1,67,3,0,0,9.0,4.4,102,59.4,6,126,12,1,46255,36
67,0,51,5,1,0,16.1,3.3,136,48.1,0,74,18,1,65652,37
68,1,37,3,0,1,13.4,2.1,67,50.9,2,56,16,1,59265,31
69,1,33,5,0,0,8.5,6.5,109,51.0,5,83,16,1,52902,36
70,1,42,3,1,0,11.0,5.7,159,46.9,7,56,16,0,28171,39
71,1,57,5,1,1,7.6,0.5,140,57.9,4,88,16,1,63869,42
72,1,46,3,0,0,6.7,3.8,114,56.2,1,92,10,0,22078,27
73,1,79,1,1,0,10.5,5.9,116,57.0,7,82,20,1,62365,46
74,0,51,1,1,0,16.9,4.8,125,60.1,3,62,10,1,54921,36
75,1,52,4,0,1,0.0,5.0,112,64.5,9,101,20,1,60024,33
76,0,28,0,1,0,12.5,3.8,102,49.3,1,20,20,1,68389,34
77,0,59,5,1,1,20.1,4.0,124,51.8,3,60,12,1,59579,37
78,0,56,0,1,0,10.0,4.2,112,50.0,1,7,20,1,68417,33
79,0,67,0,0,1,5.5,7.8,109,51.8,5,37,18,1,64963,34
80,1,71,4,0,1,14.1,5.3,95,57.5,5,66,14,1,56863,31
81,1,65,4,1,0,7.6,6.0,120,58.8,5,63,18,1,57228,40
82,1,45,2,0,1,13.5,5.9,151,56.5,4,136,12,1,54432,37
83,0,27,0,1,1,6.2,3.9,129,52.1,2,12,16,0,33543,32
84,1,42,0,0,1,6.6,7.2,81,52.2,5,110,12,1,58023,39
85,0,78,5,0,1,12.5,2.3,105,55.2,1,38,10,1,60856,27
86,0,54,1,1,1,5.6,4.7,142,60.7,3,43,16,1,67143,34
87,0,80,1,1,1,12.3,4.7,140,61.9,5,18,10,1,58690,35
88,0,69,0,0,1,4.1,7.8,104,59.4,5,18,14,1,55899,28
89,1,50,3,1,1,14.7,7.6,126,52.0,6,94,16,1,64145,40
90,1,75,3,0,1,18.1,5.6,132,54.3,3,0,18,1,60056,24
91,0,27,4,1,0,10.5,1.0,144,54.0,1,64,14,0,28336,34
92,0,34,0,1,1,19.6,4.9,123,51.7,5,7,20,1,73466,39
93,1,72,5,0,1,13.0,7.7,172,59.3,2,93,12,1,49723,32
94,0,69,0,1,0,13.3,4.5,74,61.5,3,34,16,1,63011,36
95,1,47,4,1,1,5.4,5.3,100,56.6,6,0,14,1,61804,38
96,0,64,3,0,0,11.6,6.8,126,51.0,1,43,14,1,53914,26
97,0,35,3,0,0,10.0,8.9,127,60.7,0,37,14,1,52280,28
98,1,66,3,0,1,19.2,4.1,153,64.2,5,48,14,1,56162,28
99,0,32,5,0,1,17.2,5.8,107,49.7,5,0,14,1,63642,27
100,0,47,1,0,0,14.0,6.9,136,45.3,1,5,10,1,53857,29
101,1,48,1,0,1,15.6,3.4,96,61.4,5,77,20,1,62378,34
102,1,54,3,0,1,12.3,7.3,126,53.0,7,39,18,1,60688,32
103,0,56,5,1,1,7.4,5.9,129,63.8,4,33,20,0,42209,32
104,1,80,1,1,1,15.0,3.6,108,50.7,4,72,18,1,59530,37
105,1,37,2,1,1,7.0,3.7,114,50.9,10,0,20,1,67482,41
106,0,68,0,1,0,7.2,3.1,127,50.7,2,66,12,1,64906,43
107,1,27,0,1,1,4.8,3.9,139,56.4,6,82,16,1,60645,43
108,0,79,4,0,1,13.0,6.8,128,58.4,0,47,18,1,60200,28
109,1,70,1,0,0,10.3,5.7,93,59.6,8,23,14,1,50975,31
110,0,44,2,0,0,14.8,5.2,106,53.3,5,42,20,1,57281,29
111,1,49,1,1,0,6.5,1.9,140,57.5,5,68,10,1,56047,40
112,0,30,1,0,1,8.6,3.4,110,51.7,3,26,12,1,56248,32
113,0,30,5,0,1,14.4,2.9,122,62.7,1,53,10,1,56287,27
114,1,50,4,0,0,7.5,2.3,116,53.2,5,34,12,1,50905,33
115,0,41,1,0,1,9.4,6.7,151,53.8,2,30,14,1,55764,26
116,0,61,2,0,1,9.3,3.6,120,62.2,1,26,10,1,55775,27
117,1,40,5,0,0,9.5,3.6,102,56.9,3,122,22,0,29037,31
118,0,33,4,0,1,11.1,3.9,124,60.3,0,38,14,0,24744,24
119,1,36,3,0,1,11.3,6.5,102,66.4,2,24,18,0,23735,22
120,1,47,2,0,1,7.1,7.3,101,56.1,6,54,16,1,56676,32
121,1,57,0,0,0,13.6,5.1,118,67.1,6,38,12,0,23426,29
122,0,51,4,1,1,9.6,3.7,116,65.9,4,43,12,1,67410,36
123,1,72,1,0,1,3.2,6.6,91,61.6,7,23,16,1,55132,29
124,1,30,4,0,1,6.8,4.4,120,56.2,3,56,22,1,66492,33
125,0,52,4,0,0,8.1,5.5,101,50.0,2,60,16,1,55079,32
126,0,65,1,1,1,10.5,7.8,104,58.3,2,12,20,0,36545,30
127,0,58,0,1,1,11.9,8.0,128,45.1,0,2,20,1,68167,32
128,1,31,2,1,1,12.5,5.7,146,65.3,3,26,12,1,54375,36
129,0,33,2,1,1,7.5,2.2,99,55.7,2,34,16,0,39722,29
130,0,67,0,0,0,8.9,6.6,145,57.1,0,0,16,1,54255,26
131,0,34,0,0,1,11.7,4.9,148,58.6,2,26,16,1,62105,27
132,0,27,3,0,1,9.3,7.6,136,60.0,0,0,12,1,53546,25
133,1,20,0,0,0,13.5,2.7,108,57.0,5,0,14,0,23786,24
134,0,41,0,1,0,12.3,5.1,164,66.3,1,68,12,0,29210,39
135,1,64,3,0,1,8.8,2.7,124,62.9,7,56,12,0,19695,30
136,0,31,2,0,1,12.5,4.4,106,61.1,0,70,16,1,66220,28
137,1,80,1,0,1,11.5,1.8,144,56.7,5,91,14,1,53058,33
138,0,23,4,1,1,6.7,2.9,90,52.0,4,36,16,1,69527,34
139,0,56,1,0,1,10.9,3.5,130,65.6,4,30,12,1,59497,33
140,0,64,0,0,1,8.9,9.7,148,59.4,5,28,10,1,53954,27
141,0,30,0,1,1,11.1,6.1,88,61.3,2,23,10,1,59842,33
142,1,78,1,1,1,9.2,2.7,149,60.6,1,77,18,1,68478,36
143,0,34,0,1,1,6.1,4.7,88,57.9,2,59,14,1,64325,39
144,0,69,0,0,0,9.7,7.6,136,60.3,1,93,20,0,26308,30
145,1,77,4,0,1,16.5,4.5,118,59.0,7,54,12,1,57010,34
146,1,71,4,1,1,8.6,3.4,129,58.9,6,78,20,1,68461,42
147,1,46,1,1,1,12.4,4.9,109,58.7,3,59,18,1,65698,35
148,0,44,0,1,1,10.8,3.6,81,48.2,0,31,14,1,67172,33
149,0,40,4,0,1,10.3,5.3,113,55.7,2,34,14,1,56811,29
150,1,49,2,1,1,11.3,4.6,91,59.6,8,39,20,1,61531,39
151,0,21,5,1,0,6.9,4.3,121,57.6,5,11,12,1,60024,35
152,1,25,3,1,1,11.8,9.2,95,42.0,7,0,20,1,62414,33
153,0,73,2,0,0,8.3,4.5,143,47.4,5,14,18,1,57774,30
154,1,33,3,1,1,0.0,2.5,135,63.8,2,47,16,0,30721,33
155,1,30,3,0,1,7.4,4.6,147,56.4,8,15,22,0,28026,29
156,1,53,2,1,1,11.9,7.9,127,46.4,6,62,10,1,52444,38
157,0,25,1,0,1,6.1,7.2,101,60.9,1,34,10,0,24437,27
158,0,64,5,1,1,4.9,1.0,101,57.3,1,62,12,1,61624,34
159,1,40,5,0,1,14.1,4.5,111,52.6,7,64,16,1,56600,29
160,1,34,2,1,0,20.3,8.3,90,55.0,4,120,20,1,56553,41
161,0,50,2,1,1,14.8,3.9,93,56.2,4,2,20,0,36593,34
162,0,72,5,1,1,7.5,4.4,168,54.7,3,55,16,1,64678,39
163,1,73,1,1,0,10.4,6.9,128,59.1,6,60,14,1,53101,39
164,1,38,4,0,1,11.4,6.0,135,52.7,8,57,14,1,52274,34
165,0,47,0,1,1,16.2,6.7,123,42.2,0,0,18,0,38933,29
166,0,61,1,0,1,11.2,6.3,92,56.9,5,12,20,1,61227,31
167,1,56,2,0,1,12.7,0.0,152,54.2,2,0,18,1,56452,26
168,1,37,1,0,1,13.6,7.7,136,57.8,6,109,20,1,61794,34
169,1,46,0,1,0,3.5,5.1,103,53.6,0,131,20,0,30622,41
170,1,52,4,0,1,10.5,4.8,130,55.5,1,102,10,0,18440,26
171,1,59,0,0,1,5.4,8.0,137,50.4,10,37,14,1,58080,32
172,0,57,2,1,0,7.8,5.0,137,55.2,5,38,16,1,64030,40
173,1,44,5,0,1,17.7,6.6,83,50.8,1,53,14,1,52834,31
174,0,45,1,0,1,14.3,8.7,128,55.6,3,30,12,1,53863,27
175,1,62,2,0,1,5.0,0.0,114,59.2,3,149,12,0,28920,34
176,1,72,3,0,1,13.1,0.2,110,55.9,9,93,12,0,20259,30
177,1,76,5,0,1,9.6,5.8,145,55.4,5,72,12,0,17637,25
178,0,35,2,1,1,0.0,8.8,135,50.5,1,24,20,1,67381,37
179,1,29,0,0,0,5.3,5.4,124,57.1,8,80,18,1,56028,37
180,1,74,2,0,1,12.2,1.3,130,58.6,5,50,16,0,23813,30
181,0,80,2,0,1,9.4,2.1,108,54.1,0,8,16,0,29629,24
182,1,38,1,1,0,14.9,5.0,97,53.6,10,52,22,1,63276,39
183,0,40,1,1,1,2.6,6.5,115,52.4,2,60,16,1,71741,39
184,0,40,4,1,1,9.4,6.9,103,56.9,0,71,20,1,67049,34
185,0,37,0,1,0,8.6,0.9,132,53.7,3,8,18,1,71064,39
186,1,33,2,1,1,11.9,5.1,112,49.5,4,59,14,1,64908,36
187,0,54,5,1,1,11.5,5.5,137,57.9,1,8,14,0,31555,29
188,0,50,4,0,1,14.5,5.7,133,51.8,3,15,10,0,23508,21
189,1,29,5,1,1,4.8,4.7,98,50.5,4,5,20,1,65137,33
190,0,50,4,0,0,11.2,8.4,103,51.9,4,26,10,0,19900,23
191,1,64,3,1,0,9.7,4.1,105,55.4,7,5,18,0,31939,35
192,1,40,1,0,0,13.5,3.4,130,54.5,2,92,14,1,46728,33
193,1,74,2,0,1,12.3,3.6,151,61.2,3,0,18,1,58059,27
194,0,46,1,0,1,8.0,2.9,129,49.1,2,20,10,1,57065,27
195,0,79,4,1,1,9.8,5.6,132,58.5,5,16,20,1,74568,32
196,1,32,2,0,0,15.4,3.8,129,61.7,4,49,12,1,44737,31
197,0,65,3,1,1,13.8,4.6,107,56.1,4,29,12,1,58434,37
198,1,67,2,1,1,9.2,4.0,118,48.6,10,94,20,1,61185,44
199,0,21,3,0,1,9.3,8.6,135,55.5,0,62,16,1,65910,29
200,0,57,3,1,1,5.3,5.6,142,55.8,0,35,10,0,36360,27
201,0,20,2,0,1,14.1,3.8,106,59.1,1,25,12,1,59052,29
202,0,73,2,0,1,8.2,5.1,113,56.1,2,41,10,0,26766,23
203,1,78,4,0,0,5.9,4.5,128,54.9,0,162,12,1,50876,37
204,1,50,5,0,1,3.0,1.4,102,46.6,2,31,14,1,52940,30
205,1,79,0,0,1,10.0,2.5,115,56.2,2,67,14,0,26633,29
206,1,80,5,1,1,10.4,5.9,114,55.9,6,46,12,1,58221,37
207,0,40,4,0,0,14.4,3.5,145,54.6,1,35,10,1,50103,30
208,1,53,2,0,1,15.3,7.6,120,52.3,1,39,18,1,55666,30
209,1,75,5,0,1,8.9,1.8,122,48.8,5,149,12,1,58319,34
210,1,56,1,0,0,0.0,3.7,107,48.5,5,111,14,1,50223,38
211,0,23,5,1,1,11.1,4.3,119,59.1,3,73,10,0,30884,35
212,0,43,4,1,0,10.4,4.4,117,62.8,3,0,12,1,58735,32
213,0,34,4,0,0,8.8,2.7,146,47.8,4,30,12,0,21513,30
214,0,28,0,0,0,8.4,6.3,122,48.6,0,31,16,1,60445,32
215,0,65,5,1,1,6.5,4.7,121,51.6,0,3,16,1,66651,29
216,0,35,2,0,0,1.2,7.3,109,57.5,3,0,10,1,51333,28
217,1,53,1,0,1,11.1,4.3,105,45.7,5,32,18,1,59875,30
218,0,36,2,1,0,8.6,1.6,131,59.5,0,0,10,1,63114,33
219,0,34,2,0,1,8.4,3.1,115,60.3,2,53,10,1,57498,27
220,1,21,1,0,1,9.2,5.8,124,57.7,6,101,16,1,55402,37
221,0,29,4,1,1,13.5,3.8,148,63.4,4,0,10,0,31364,31
222,0,58,3,1,1,7.8,2.9,117,58.1,4,48,10,1,65066,40
223,1,71,1,0,1,9.0,3.8,110,52.5,5,117,20,1,57951,34
224,1,51,3,0,1,11.9,6.5,103,54.1,2,76,18,1,54897,27
225,0,79,5,1,0,0.0,4.0,81,57.8,1,24,18,1,68120,33
226,0,47,4,0,1,8.1,7.4,118,46.6,3,10,20,1,60524,28
227,1,23,3,1,1,8.6,3.1,63,48.5,5,93,14,1,59312,38
228,0,44,1,0,0,11.8,4.5,84,58.7,0,76,18,1,61879,31
229,1,32,4,1,1,11.4,6.3,133,51.6,9,77,14,1,61233,42
230,1,66,4,1,1,10.8,3.3,56,56.9,5,55,18,1,63394,39
231,0,55,0,1,1,10.0,5.2,105,47.3,0,53,16,1,63969,38
232,1,39,4,0,0,9.8,4.1,113,59.2,3,57,12,1,51679,30
233,1,35,4,1,1,5.2,3.5,101,55.4,5,71,14,1,58857,38
234,1,45,4,0,1,11.7,3.2,110,66.5,5,97,20,1,58959,35
235,1,50,3,1,1,5.0,3.0,119,58.8,8,10,14,1,62654,38
236,0,66,4,0,1,11.5,3.7,89,56.3,1,37,14,1,55762,27
237,0,44,4,0,0,13.1,7.5,137,61.6,5,0,12,1,51867,31
238,1,57,2,0,1,8.1,6.5,115,58.3,4,64,10,0,23952,25
239,0,76,4,0,1,5.6,5.6,127,60.6,0,9,12,0,26755,23
240,1,53,0,1,1,17.8,6.6,91,58.8,6,47,22,1,62241,37
241,0,45,0,1,1,2.6,6.7,123,49.1,3,61,10,1,64704,41
242,1,67,4,0,0,8.4,9.3,112,53.6,6,87,16,0,20213,32
243,0,40,0,0,1,9.3,9.8,124,55.0,3,42,18,1,64808,28
244,0,69,3,0,0,13.5,7.4,131,47.8,5,48,18,1,60068,33
245,1,45,2,0,0,15.6,4.1,145,60.1,4,51,20,1,60054,29
246,1,42,3,1,0,16.3,2.1,124,55.7,8,91,14,1,55156,40
247,1,66,4,0,1,12.2,7.2,105,58.4,2,78,20,1,55515,31
248,1,20,5,0,1,12.0,3.9,137,59.7,2,28,12,1,55312,26
249,1,41,4,1,1,15.7,4.5,138,56.9,7,69,12,1,53819,37
250,0,40,4,1,0,11.2,2.8,127,53.1,1,5,18,1,66251,35
251,0,51,0,1,1,15.0,6.3,121,45.5,1,52,12,1,65734,33
252,1,61,1,1,1,18.1,5.7,102,49.8,1,85,20,1,62577,40
253,0,39,4,1,0,12.0,4.5,100,53.8,2,66,16,1,62386,41
254,0,28,3,1,1,13.3,7.4,125,55.1,0,44,18,1,70749,36
255,0,55,2,1,1,16.3,8.1,167,56.3,0,77,18,1,70083,34
256,0,54,5,0,0,12.3,6.5,117,60.8,0,12,18,1,56582,27
257,1,23,0,0,1,12.1,3.8,138,62.5,9,70,18,1,53393,34
258,0,32,3,1,1,14.1,8.0,127,63.7,1,11,18,1,71144,35
259,0,49,5,1,1,13.3,5.8,123,58.2,3,20,10,1,61235,34
260,1,79,5,1,0,18.0,7.9,122,58.0,4,32,12,0,18768,35
261,1,76,3,1,1,7.7,4.5,102,51.1,3,90,12,1,63764,37
262,1,42,5,0,0,16.4,8.7,126,50.6,1,69,18,0,19514,22
263,0,27,4,0,0,14.6,4.7,122,52.4,3,13,10,0,22065,25
264,0,65,5,1,1,10.0,3.3,162,60.3,1,31,20,1,66458,34
265,0,45,3,0,0,16.3,6.7,131,57.2,0,32,14,1,57098,31
266,1,30,2,0,0,5.8,5.6,122,59.9,6,102,14,1,49935,39
267,0,20,0,1,1,14.2,6.6,122,59.7,0,17,14,1,61022,33
268,1,26,5,1,1,8.4,1.7,150,57.8,2,69,14,0,27820,32
269,1,30,0,0,1,6.7,3.0,128,60.9,7,69,10,1,55934,37
270,0,68,4,0,0,2.6,3.5,101,56.2,0,22,12,1,54084,29
271,1,79,0,1,1,11.2,7.2,109,56.5,6,28,16,1,60995,36
272,0,43,1,1,1,11.4,8.4,124,42.0,4,36,18,0,35929,32
273,0,28,5,1,0,7.2,5.4,142,49.6,5,33,14,1,63524,40
274,0,32,3,1,1,7.6,4.0,109,59.6,5,27,16,0,32514,34
275,0,68,1,0,1,10.2,4.8,101,48.9,5,13,18,1,61125,33
276,1,80,5,0,0,10.4,4.8,111,55.9,6,62,18,0,22789,29
277,1,20,2,1,1,13.9,5.4,136,59.6,6,110,18,1,58498,39
278,1,32,3,0,1,13.9,2.6,108,57.0,3,119,20,1,55227,34
279,1,58,0,1,1,9.9,5.2,140,59.7,7,22,16,1,57324,35
280,0,34,0,0,1,12.9,2.3,115,59.1,0,41,18,1,59774,28
281,1,31,2,0,1,11.4,6.2,69,55.4,6,29,10,1,53457,27
282,0,54,3,0,1,5.2,7.1,122,55.2,1,0,12,1,59153,26
283,1,63,5,1,0,9.3,8.0,103,53.7,10,76,22,1,60392,46
284,0,36,0,1,1,10.9,5.7,117,61.8,5,42,10,1,65970,36
285,0,34,1,0,1,15.1,5.2,123,54.5,0,0,14,1,58838,25
286,0,20,4,0,0,3.5,6.2,168,51.0,0,65,18,0,29483,30
287,1,38,4,0,0,16.9,5.3,121,58.8,2,50,16,1,55533,28
288,1,79,2,1,1,1.8,7.3,120,46.0,5,107,16,1,62671,39
289,1,78,4,0,1,12.7,8.1,135,50.7,5,41,16,1,52816,32
290,0,55,0,0,1,12.3,3.0,118,56.4,1,44,18,0,28077,29
291,1,77,4,0,0,19.3,8.0,122,60.8,4,65,14,1,47829,29
292,0,50,3,1,1,13.4,3.4,124,67.4,1,38,10,0,33851,31
293,0,74,4,0,1,11.0,7.0,143,53.6,1,0,12,1,62195,24
294,0,38,1,1,0,1.6,4.6,138,61.1,5,38,10,1,58192,39
295,0,41,4,0,1,13.5,5.7,92,51.5,5,26,10,1,56614,31
296,1,77,0,0,0,11.0,3.1,72,62.3,2,49,16,1,48694,29
297,1,30,3,0,1,12.4,6.8,117,52.8,5,35,14,0,22121,23
298,1,45,4,1,0,4.2,5.4,126,55.8,1,42,18,0,27043,33
299,1,72,5,1,1,11.2,5.1,81,55.5,5,83,12,1,60034,39
300,1,24,1,0,1,8.4,5.8,92,53.0,6,50,14,0,27429,25
301,1,33,5,1,1,6.6,2.2,124,51.6,6,121,16,1,67442,40
302,1,30,2,0,1,10.9,4.4,131,60.1,8,32,18,0,26857,28
303,1,76,2,1,1,9.1,2.3,89,56.4,5,89,16,1,58640,44
304,0,66,4,0,1,5.8,5.9,131,63.6,3,47,12,1,55080,31
305,1,41,0,1,1,18.6,5.4,113,56.4,6,89,20,1,67851,38
306,1,41,0,1,1,9.6,7.1,71,53.4,5,62,14,1,62448,36
307,1,38,4,0,1,10.6,5.0,101,56.8,3,69,18,0,31832,30
308,0,65,4,0,1,12.1,4.1,120,56.5,3,10,10,1,53831,29
309,0,67,4,1,1,9.6,4.0,138,54.6,4,22,14,1,65518,35
310,0,45,5,1,1,14.5,4.3,130,63.0,4,60,12,0,32249,29
311,0,59,0,0,1,8.3,4.7,108,56.9,0,33,18,1,62512,28
312,1,52,2,0,1,3.9,4.2,94,63.4,7,58,16,1,56258,35
313,1,35,3,1,1,10.3,3.6,99,56.1,6,54,12,0,30123,38
314,0,65,5,1,1,8.5,0.0,156,59.5,2,63,18,1,73550,35
315,0,28,2,0,1,15.6,4.1,100,54.7,3,51,20,1,68924,33
316,1,49,0,1,0,7.4,6.8,125,61.6,9,29,16,1,62830,38
317,1,63,3,0,1,17.8,5.6,87,53.3,7,56,16,1,57025,34
318,0,21,2,1,1,10.2,8.5,144,53.3,0,42,14,1,64292,36
319,0,44,0,0,1,13.8,4.8,142,53.7,1,61,20,1,62657,34
320,1,75,0,0,0,11.3,6.4,125,57.5,5,68,22,1,56789,32
321,1,39,3,0,1,8.9,3.8,113,54.1,2,63,10,0,17607,28
322,1,34,0,0,1,7.3,0.4,77,60.6,3,53,18,1,61516,34
323,1,74,5,0,1,12.6,1.9,139,56.9,8,47,12,1,50922,29
324,0,48,0,0,1,10.1,4.2,156,63.4,4,29,20,1,66032,34
325,0,56,3,1,0,10.4,5.4,140,57.5,5,0,16,1,66750,35
326,1,58,3,0,1,5.6,4.3,122,54.3,10,65,14,1,56308,38
327,0,29,4,0,1,10.7,6.2,128,52.3,3,27,18,1,62693,30
328,0,43,3,1,0,11.5,7.1,103,59.9,1,21,14,1,61412,33
329,1,57,3,0,1,7.1,5.8,140,56.2,8,65,20,1,61728,37
330,1,48,5,0,1,14.9,3.5,117,59.6,7,15,10,0,18838,23
331,0,30,0,1,0,12.0,3.4,98,43.8,3,14,16,1,64944,36
332,1,25,4,1,1,2.8,5.2,118,57.2,8,27,18,1,60754,38
333,1,38,3,1,0,6.4,7.2,143,55.9,4,83,14,0,21963,35
334,0,69,4,0,1,13.5,5.6,103,56.1,0,38,18,1,64698,27
335,0,47,3,0,1,1.9,4.6,94,55.3,4,15,12,1,56067,32
336,1,25,0,0,1,13.6,3.8,118,49.5,3,24,20,1,59452,31
337,0,31,1,0,0,11.4,0.7,127,49.6,3,72,10,1,57155,36
338,1,75,2,0,1,10.4,6.3,127,64.5,4,66,14,0,28005,30
339,0,29,1,0,1,7.9,6.6,113,53.6,1,26,10,1,58952,28
340,0,38,3,1,1,7.8,7.1,148,47.1,5,47,14,1,70308,38
341,1,58,2,0,0,12.8,5.4,83,58.8,5,56,14,1,48137,33
342,1,67,5,0,1,9.4,4.8,116,65.2,5,124,10,1,49705,38
343,0,80,3,0,1,15.1,3.9,149,60.0,5,28,14,1,62837,29
344,0,34,0,0,1,3.4,8.3,109,55.3,4,0,20,1,65761,29
345,1,20,5,0,0,10.2,2.5,152,49.2,3,0,16,1,51229,26
346,0,76,4,1,1,5.9,5.8,123,57.2,4,27,14,1,70586,34
347,1,33,2,1,1,8.9,6.9,141,54.9,7,0,18,1,62824,36
348,0,46,0,1,1,13.7,10.5,127,47.8,0,40,12,1,66869,34
349,1,40,5,0,1,8.0,7.2,107,60.4,1,0,12,1,50252,27
350,0,53,5,1,1,13.5,5.0,149,56.4,4,42,16,1,62362,32
351,1,40,4,0,0,3.8,5.0,106,57.2,7,67,16,1,55890,36
352,1,28,4,1,1,14.3,5.0,91,54.0,2,113,12,1,57446,41
353,1,73,3,1,1,4.8,1.1,130,61.2,6,73,20,1,62452,38
354,1,64,5,1,1,9.5,6.1,121,59.9,0,101,10,0,25028,35
355,0,41,5,1,0,8.5,6.2,123,55.1,2,13,18,0,30359,31
356,0,20,5,0,0,5.0,1.6,91,54.1,2,28,14,1,57495,28
357,1,78,5,0,1,15.1,6.8,126,55.7,5,35,18,1,58128,29
358,0,60,5,1,1,11.6,6.1,90,58.1,1,76,14,0,31120,30
359,0,78,5,1,1,11.3,1.6,81,54.5,3,43,16,1,64895,37
360,1,43,2,0,1,11.6,4.0,99,56.3,5,152,10,1,56381,38
361,0,75,1,0,0,14.0,0.6,138,54.0,0,15,14,1,52653,27
362,0,48,5,0,1,9.2,6.7,109,54.0,1,37,20,1,59833,27
363,0,76,5,1,1,4.4,5.0,153,58.0,1,0,14,1,61561,30
364,1,69,0,1,1,11.9,6.4,149,51.5,5,15,18,1,61258,39
365,0,26,1,0,1,5.2,5.0,146,53.7,2,55,16,0,35293,25
366,1,80,0,1,1,8.4,2.9,151,56.4,5,112,16,0,34525,38
367,1,71,2,1,1,6.1,6.5,128,50.6,2,58,12,1,55230,33
368,1,53,3,1,1,10.3,4.2,121,47.1,7,58,16,0,29301,33
369,0,45,0,1,1,11.6,6.5,112,54.3,4,9,18,1,66097,37
370,1,55,0,1,1,18.1,10.1,126,66.2,4,61,14,0,28051,35
371,1,71,5,0,0,10.9,5.2,137,58.0,1,72,18,1,56177,30
372,0,43,2,1,0,3.6,8.0,103,58.5,0,42,10,1,58213,34
373,1,71,0,0,0,2.5,1.1,106,53.2,4,57,20,1,53965,32
374,0,64,2,0,1,5.6,5.4,127,54.2,1,78,10,1,54717,27
375,1,26,0,1,1,13.1,1.4,132,56.3,10,29,20,0,33148,34
376,1,65,0,0,1,8.8,5.6,119,53.7,2,38,10,0,16502,27
377,0,24,2,1,1,11.2,4.0,120,49.2,5,7,14,1,69084,38
378,0,63,1,1,1,7.0,2.1,128,48.3,2,53,14,1,70035,35
379,0,38,1,0,0,6.1,6.9,129,50.5,3,24,20,1,63617,31
380,1,72,4,1,1,10.4,6.0,141,59.5,3,29,18,1,64716,33
381,1,20,4,0,1,9.5,4.8,91,54.1,0,56,14,0,25654,21
382,0,68,1,0,0,8.7,4.9,114,57.0,0,29,18,1,60237,30
383,0,30,0,0,1,4.8,2.6,100,51.1,1,55,16,0,36939,28
384,1,68,3,1,0,10.6,6.8,131,50.1,10,47,14,1,59546,44
385,0,22,5,0,1,12.5,6.1,127,57.5,3,35,20,1,59674,29
386,1,69,2,0,1,8.0,4.6,104,51.7,8,55,10,1,48486,34
387,1,23,4,0,1,12.9,3.7,169,48.2,7,26,18,1,55370,33
388,1,34,0,0,1,10.1,7.6,103,55.2,7,29,20,1,60446,34
389,0,66,1,0,1,12.2,8.1,135,55.5,4,36,14,1,56805,29
390,0,36,2,0,1,20.9,3.2,123,56.4,0,31,16,1,59098,24
391,0,76,3,1,1,10.7,4.5,137,60.9,0,48,10,1,65490,38
392,0,61,0,0,1,4.1,1.6,92,48.4,3,22,14,1,65118,32
393,0,62,4,1,1,10.5,6.1,100,59.3,4,56,14,1,65012,39
394,0,31,4,1,1,15.8,5.3,117,54.3,0,32,20,1,66275,36
395,1,41,3,0,1,10.6,5.5,99,53.2,8,61,16,1,57061,34
396,1,64,1,0,0,9.8,5.2,100,47.4,7,83,20,0,21025,31
397,1,36,0,0,1,11.3,4.5,101,49.2,5,0,12,0,24267,26
398,1,74,2,0,0,6.1,5.6,114,54.3,7,36,20,1,57824,37
399,0,69,4,0,1,7.3,4.0,76,57.2,5,48,20,1,67780,32
400,1,69,4,1,1,2.9,2.2,136,58.8,5,90,22,1,70052,41
401,0,68,0,1,1,10.7,6.7,106,46.2,2,0,10,1,61943,34
402,0,28,0,1,0,15.4,4.2,95,52.0,2,21,18,1,64641,40
403,0,51,3,1,1,14.9,7.1,122,62.6,2,35,12,1,64026,35
404,1,43,2,0,1,10.2,5.9,110,52.8,5,68,14,1,54972,34
405,1,63,0,0,1,6.9,4.8,106,42.5,9,57,18,0,32300,32
406,1,44,2,0,0,15.9,6.4,125,53.4,7,107,12,1,49138,35
407,0,76,2,0,1,12.8,6.9,114,54.8,4,0,20,0,33738,24
408,1,61,0,1,1,11.9,4.9,104,56.5,9,80,18,1,60787,44
409,1,21,0,1,1,8.3,5.9,129,58.9,5,88,16,1,63286,41
410,1,52,5,1,1,0.0,6.3,107,55.7,4,53,20,0,35750,36
411,1,31,0,0,1,8.7,6.8,101,48.0,8,115,12,1,56933,39
412,1,28,0,0,0,6.0,6.8,138,54.4,0,64,10,0,13089,27
413,1,71,4,1,1,8.4,3.7,127,58.8,7,35,14,1,58068,39
414,0,29,5,1,1,6.7,5.6,149,60.1,4,61,12,0,29106,32
415,0,77,2,0,0,3.7,7.4,121,52.4,4,31,14,1,53909,28
416,1,36,5,1,1,9.9,5.4,165,51.7,1,13,18,1,61360,30
417,1,52,3,0,0,9.0,2.9,142,55.0,3,112,12,0,20882,34
418,0,40,2,1,1,15.1,7.2,177,51.5,1,23,20,1,67976,36
419,1,80,4,1,1,11.2,5.7,124,48.6,8,51,18,1,60793,41
420,0,58,2,0,0,11.2,3.3,138,46.8,4,52,16,1,58019,31
421,1,39,2,0,1,10.0,2.1,150,53.2,4,20,12,1,53108,28
422,0,71,1,1,1,4.9,4.7,105,60.5,1,9,16,1,68130,33
423,1,27,4,1,1,13.9,3.5,140,47.1,5,55,16,1,59303,37
424,0,56,0,1,1,11.1,3.0,113,48.7,5,36,16,1,68572,38
425,0,56,4,0,1,1.6,6.7,151,48.9,2,46,16,1,59754,32
426,0,31,2,0,1,7.4,7.6,115,51.3,1,24,14,1,56365,25
427,0,42,2,0,1,5.2,4.9,123,52.0,4,11,20,0,31898,22
428,0,45,3,0,0,8.1,6.2,117,48.0,4,50,12,1,52749,30
429,0,59,3,0,0,5.1,6.6,120,56.0,1,88,10,1,55907,32
430,1,67,1,0,1,14.4,9.1,104,52.3,5,104,12,1,56468,31
431,1,76,2,0,0,9.7,6.8,132,58.8,5,85,18,1,55996,37
432,1,26,4,0,1,10.4,5.0,84,49.4,3,99,14,0,21001,25
433,1,54,1,0,0,4.7,4.6,128,55.9,1,63,16,1,57991,34
434,1,54,1,1,1,9.9,7.2,132,50.3,6,69,12,1,54996,36
435,0,39,2,1,1,4.0,5.3,145,65.4,4,36,12,1,63238,38
436,1,78,3,0,1,9.4,8.8,176,47.9,5,109,10,1,51480,32
437,0,37,5,0,1,10.0,7.0,89,48.5,1,58,12,1,56291,27
438,0,42,5,0,1,9.5,3.5,108,50.6,2,25,20,1,60680,28
439,0,80,2,0,1,5.1,6.8,119,63.8,5,29,18,1,65815,33
440,0,21,1,1,0,12.8,6.6,136,54.9,0,0,16,1,60499,36
441,0,38,0,1,0,8.7,2.3,118,63.6,4,25,10,0,32403,31
442,0,61,1,0,1,9.6,4.1,125,54.4,2,1,16,1,63807,30
443,0,39,2,0,1,13.5,4.2,147,41.3,5,21,12,1,62708,27
444,1,43,4,0,1,12.9,4.7,138,54.1,2,82,22,1,58548,34
445,0,66,1,0,1,13.5,6.1,139,49.3,3,0,14,1,58171,30
446,0,74,1,1,1,11.5,5.0,95,63.2,0,35,10,1,65200,35
447,1,73,2,0,1,11.8,6.2,147,56.9,5,35,12,1,50521,33
448,1,21,0,1,1,10.7,4.6,108,51.5,1,0,22,1,61921,34
449,0,78,1,0,1,5.8,4.7,134,56.2,1,47,12,0,27446,25
450,1,61,5,0,1,13.3,6.5,110,61.7,6,66,12,0,23813,31
451,0,51,2,1,1,14.5,6.3,117,49.2,1,35,12,1,64944,31
452,0,65,1,0,1,11.0,2.7,154,59.6,2,21,18,1,65494,31
453,0,78,4,1,1,15.9,7.2,123,51.5,1,44,10,1,56141,36
454,1,60,2,1,0,4.6,3.5,102,63.9,5,99,20,1,64509,41
455,1,26,5,0,1,11.0,6.3,130,52.0,1,89,12,0,21792,27
456,1,51,2,0,1,6.6,7.2,89,52.5,3,53,20,0,26380,27
457,0,25,0,0,0,9.2,7.7,119,49.3,1,5,16,1,61464,29
458,1,69,2,1,0,4.4,0.7,116,66.2,3,75,20,1,62418,44
459,1,60,1,1,0,6.5,1.9,120,46.5,8,52,18,1,60028,39
460,0,22,1,0,0,14.0,1.4,127,58.9,5,49,16,0,31059,29
461,1,65,3,1,0,6.9,6.8,92,58.8,1,93,22,1,59693,40
462,0,77,1,0,1,9.0,4.3,96,48.2,5,27,20,1,63326,34
463,0,62,5,0,1,1.6,5.4,89,52.6,4,105,14,1,59741,30
464,0,40,4,0,0,13.3,6.4,103,58.7,0,43,14,1,52630,27
465,1,79,5,1,1,12.1,5.6,116,60.1,3,54,14,1,61862,34
466,0,65,5,0,0,13.8,7.0,123,67.3,3,51,16,0,24427,27
467,0,32,3,1,1,7.6,2.9,130,60.1,0,22,16,1,65559,32
468,0,32,4,0,0,11.7,4.9,93,62.9,0,20,10,1,52188,25
469,0,41,0,0,1,2.3,5.7,84,49.2,3,37,16,1,67042,34
470,0,77,1,0,1,13.1,2.2,110,61.0,1,66,20,0,34465,28
471,0,23,0,0,0,11.3,5.9,119,56.1,1,69,14,1,58153,34
472,0,37,4,0,1,7.5,7.0,150,52.0,5,32,20,1,61245,29
473,0,35,5,0,0,6.1,5.0,94,53.0,1,23,16,0,28113,21
474,1,51,0,1,0,6.4,3.9,106,53.0,2,42,14,0,24934,36
475,0,51,2,0,0,7.1,2.7,145,47.5,3,62,16,0,30215,31
476,1,46,0,0,1,7.0,8.3,141,48.4,4,37,18,1,55248,33
477,0,56,3,1,1,14.9,3.7,116,55.0,2,51,14,0,38012,29
478,0,49,3,1,1,10.6,2.3,130,54.5,1,20,16,1,71926,33
479,1,36,4,1,1,9.3,7.0,92,56.1,8,109,16,0,33557,35
480,0,75,4,1,0,12.6,6.2,122,53.2,0,15,18,0,35042,27
481,1,57,0,1,0,8.4,3.8,162,53.2,5,8,10,1,51706,35
482,0,27,3,1,0,18.2,6.5,122,56.8,4,0,14,1,56363,33
483,0,61,2,0,0,7.4,3.7,106,51.8,4,44,16,1,55320,30
484,1,72,1,1,0,13.4,3.8,121,54.3,3,14,14,1,58767,36
485,1,66,0,0,1,1.6,3.0,137,55.6,7,51,12,0,26205,30
486,0,61,2,0,0,6.2,5.5,117,53.7,5,0,20,0,31032,24
487,0,77,1,1,1,14.4,3.9,114,61.2,2,26,14,1,65807,32
488,1,50,2,0,0,14.8,5.0,111,56.0,6,6,20,1,53847,33
489,1,43,1,1,1,11.9,9.2,133,55.1,6,141,14,0,32550,43
490,1,53,5,0,1,2.9,9.2,139,59.8,4,46,12,1,54177,27
491,0,56,3,1,1,6.1,3.4,155,60.3,4,36,14,1,67646,40
492,0,61,3,0,1,17.4,4.4,111,49.4,2,64,14,1,62212,34
493,0,55,4,0,0,6.7,2.2,158,55.2,2,0,12,1,57558,26
494,0,26,5,1,1,8.7,3.8,103,56.0,2,26,14,1,65381,36
495,0,67,3,0,1,10.9,3.9,153,52.2,0,31,20,1,66564,25
496,0,59,3,1,1,2.7,5.8,122,56.6,5,10,14,1,66219,34
497,1,63,0,1,0,13.6,3.9,115,61.8,8,93,12,1,58417,46
498,0,51,3,1,1,9.2,4.0,106,57.8,3,0,20,1,68581,34
499,0,77,4,0,1,11.0,3.5,109,51.0,4,0,14,1,60812,30
500,0,72,1,1,1,14.2,2.9,102,55.1,1,3,20,1,71405,31
501,1,57,3,1,0,13.2,7.9,146,51.5,4,20,18,1,58950,36
502,0,27,1,0,1,13.8,7.9,124,59.7,2,62,12,1,53022,27
503,1,59,1,0,0,6.1,10.1,129,61.4,4,78,12,0,16854,29
504,0,46,0,0,1,10.6,2.1,114,56.7,4,0,14,1,64990,31
505,1,56,5,0,1,8.9,2.4,152,56.4,8,94,18,1,55375,38
506,0,68,2,1,1,14.1,4.6,108,62.2,3,0,18,1,72533,33
507,1,27,3,0,0,1.6,7.5,146,52.0,4,62,10,0,18182,26
508,0,23,3,0,1,8.1,6.3,138,43.1,0,30,14,0,28901,23
509,0,59,5,0,0,11.6,5.1,98,52.7,5,25,16,1,60040,28
510,1,77,4,0,1,12.2,7.2,88,57.8,1,86,20,1,59779,31
511,1,67,0,1,1,18.4,1.3,115,48.4,6,96,10,0,30633,37
512,0,52,2,1,1,12.4,4.7,84,57.1,1,10,10,1,61960,35
513,0,61,2,1,1,11.8,5.9,171,43.1,2,34,12,1,66866,38
514,1,48,2,1,1,10.2,5.7,116,55.2,10,0,20,0,36300,36
515,0,72,4,1,0,7.0,2.8,105,62.1,1,52,20,1,65041,35
516,1,55,1,0,1,11.0,5.0,116,59.3,2,19,12,1,56457,28
517,0,41,2,1,0,4.0,4.5,116,38.6,3,0,20,0,38031,30
518,0,78,2,0,1,14.6,6.4,127,58.2,4,15,18,1,66715,31
519,1,44,5,0,0,6.6,5.4,151,56.2,8,94,18,0,28043,29
520,0,52,2,1,1,11.1,4.3,144,60.1,2,19,14,1,68060,36
521,0,41,1,0,0,11.7,6.7,152,57.0,1,29,20,1,59577,27
522,0,61,3,0,1,14.4,7.8,131,51.4,2,36,16,1,63068,28
523,1,67,1,0,1,11.2,4.7,165,62.2,6,29,18,1,55772,28
524,0,27,5,1,0,4.2,4.5,104,55.7,3,24,14,1,62536,33
525,0,34,2,0,0,19.0,4.2,108,55.8,5,50,20,1,58994,33
526,0,41,5,1,1,9.6,6.0,103,54.0,1,31,12,1,65796,33
527,0,41,2,0,1,11.6,5.6,147,50.8,1,57,10,1,57079,31
528,0,74,3,0,1,18.0,10.0,98,54.4,5,34,16,1,59055,28
529,0,31,1,0,1,8.9,6.1,107,58.2,0,56,12,0,27419,26
530,1,37,4,1,0,10.1,2.5,137,38.1,6,29,16,1,54030,36
531,0,40,3,0,1,11.8,0.4,121,54.5,1,28,10,1,60160,30
532,0,45,0,1,1,6.4,5.9,126,51.4,5,19,18,1,71066,37
533,1,45,3,1,1,14.5,3.9,116,53.8,5,81,20,0,34671,33
534,1,29,5,1,0,9.3,4.1,117,48.9,5,56,14,1,55430,35
535,0,52,5,1,0,9.2,3.1,121,55.6,1,12,18,1,67768,34
536,0,33,4,0,0,12.1,3.0,124,57.6,2,47,16,1,57703,34
537,0,74,1,1,1,14.5,2.0,127,50.9,1,55,10,0,26516,35
538,1,33,5,0,1,13.2,7.1,110,58.4,8,144,22,1,63728,34
539,0,72,5,0,0,6.6,4.9,111,61.2,1,21,12,0,25252,27
540,1,30,0,1,1,16.5,5.2,119,56.8,3,61,18,0,29126,36
541,1,32,5,1,1,13.9,6.5,106,58.4,7,35,18,1,66216,35
542,1,58,0,1,1,10.6,3.4,100,58.0,4,31,14,1,57048,36
543,0,40,4,0,0,5.2,5.2,133,52.0,1,48,18,1,61970,29
544,0,67,0,0,1,6.6,5.3,102,51.8,2,12,16,1,63787,26
545,0,78,0,0,1,15.6,5.9,151,52.3,1,83,12,1,54811,31
546,1,26,4,0,0,9.4,5.1,103,54.8,5,9,18,0,27311,27
547,1,27,2,0,0,12.5,5.4,101,54.5,8,85,18,0,23308,33
548,0,29,5,1,1,5.2,3.6,97,44.2,3,0,18,1,65280,33
549,1,37,2,1,1,9.9,6.6,133,56.2,0,87,16,1,63999,38
550,1,26,2,1,1,11.5,5.8,83,58.9,0,90,22,1,66651,40
551,1,38,5,1,1,11.0,6.9,126,45.7,5,132,12,1,56566,43
552,0,44,2,0,0,5.6,1.8,118,61.7,0,0,12,1,56681,31
553,0,57,2,1,0,8.6,4.3,136,55.4,0,5,20,0,33559,31
554,0,55,4,1,0,9.2,7.2,138,49.4,3,36,20,1,62369,38
555,1,35,5,0,1,6.1,5.4,120,51.0,1,42,12,1,50311,27
556,0,37,5,1,1,7.2,0.4,134,54.8,4,32,18,1,69522,33
557,0,29,1,0,1,13.3,6.1,130,42.1,1,50,12,1,59709,30
558,1,26,3,1,0,2.8,6.2,139,57.3,5,65,12,1,54548,41
559,1,79,5,0,1,8.1,3.7,132,49.2,10,42,14,1,58326,36
560,1,22,5,1,1,12.0,5.0,172,56.3,6,63,14,1,64828,35
561,0,30,3,0,1,10.8,4.8,125,66.4,3,22,14,0,28944,24
562,0,31,0,1,0,13.6,6.9,95,55.9,5,52,12,1,61150,37
563,0,68,5,0,1,5.8,1.5,124,49.9,5,69,12,1,64621,33
564,1,47,4,1,1,8.6,4.4,96,56.5,7,94,16,1,61970,39
565,1,31,2,0,0,11.3,7.8,110,64.7,9,48,16,0,19441,28
566,0,61,5,1,1,14.9,5.9,126,49.6,3,29,16,1,70947,37
567,0,78,1,1,1,14.9,7.2,88,52.9,3,15,14,1,66107,34
568,0,48,3,1,1,3.2,5.3,135,48.5,3,38,10,0,30196,35
569,1,56,2,0,1,8.0,4.9,102,56.8,4,0,20,1,55359,29
570,0,30,5,1,1,12.6,6.1,96,53.1,4,22,10,0,35579,28
571,1,44,5,0,1,10.4,4.3,102,48.1,7,49,14,1,50356,30
572,0,75,1,0,1,6.7,7.9,111,52.6,3,63,20,0,30289,25
573,0,46,4,1,1,7.6,9.1,110,57.8,1,1,10,1,65319,32
574,1,29,4,1,1,3.5,3.3,90,53.3,8,72,12,0,31366,34
575,1,29,1,0,1,10.2,3.5,112,54.8,8,63,20,1,56032,32
576,1,24,0,1,0,8.8,4.1,122,49.2,7,52,22,0,28012,37
577,0,63,5,1,1,12.5,9.5,112,61.8,4,28,14,0,32114,28
578,0,63,0,1,0,0.9,3.1,99,54.9,2,22,18,0,39942,37
579,0,56,5,0,1,11.8,5.7,111,62.9,1,34,16,1,59096,25
580,0,54,2,1,1,21.1,4.5,98,57.7,1,99,20,1,66677,38
581,0,41,2,1,1,12.5,6.6,140,52.4,2,23,10,1,56512,35
582,1,38,0,1,0,10.0,3.0,98,56.3,4,46,18,1,62523,40
583,1,65,3,0,0,6.7,4.9,112,48.4,7,25,16,1,56909,31
584,0,72,2,0,0,9.9,5.7,108,48.6,5,29,10,1,50043,31
585,1,25,1,1,1,10.4,6.7,99,57.6,2,0,16,0,34492,28
586,0,26,1,1,1,9.1,6.8,101,59.4,2,51,14,1,65046,33
587,1,47,2,1,0,14.3,4.2,105,50.7,0,114,12,0,28315,37
588,1,40,0,0,1,11.7,7.9,110,54.9,3,0,18,1,62040,25
589,0,26,3,0,1,11.3,6.0,95,56.8,5,72,18,1,58015,35
590,0,33,0,0,1,9.7,5.9,93,66.3,3,69,16,1,60781,35
591,0,73,2,1,1,12.1,4.3,128,61.2,4,39,20,1,73442,34
592,0,33,4,0,1,16.4,5.6,106,54.6,3,0,18,1,61112,27
593,0,64,3,1,1,10.0,4.7,123,53.8,1,55,14,1,66358,37
594,1,69,0,1,1,7.4,0.5,149,57.4,3,38,14,1,62956,38
595,0,29,3,0,1,11.4,3.5,97,51.6,3,4,18,1,65406,26
596,0,36,5,1,1,9.2,5.7,97,50.2,5,45,16,0,37467,35
597,0,21,3,0,1,15.4,4.2,99,51.1,4,0,14,1,57823,28
598,1,40,2,0,1,9.4,6.5,150,51.1,8,100,10,0,20699,29
599,0,34,5,1,0,9.3,6.2,120,51.6,3,81,16,1,64675,36
600,0,24,0,1,0,14.5,6.0,116,50.0,5,59,16,0,33988,36
601,0,74,2,1,1,5.4,6.2,107,49.9,5,22,20,1,69397,38
602,1,47,3,1,1,11.6,2.9,124,53.4,8,86,20,1,64439,43
603,1,69,2,1,1,12.7,7.8,105,58.3,8,36,20,0,33276,36
604,0,79,5,1,1,3.0,4.2,92,56.4,4,68,12,1,60290,38
605,0,45,1,1,1,15.5,4.3,138,59.5,1,49,14,1,60802,34
606,0,34,1,0,1,9.3,4.5,106,46.4,1,22,12,0,29282,24
607,0,40,2,1,0,2.6,7.5,135,57.8,3,63,18,0,33961,37
608,1,28,1,0,1,6.6,3.7,89,53.2,6,1,20,1,57657,26
609,0,70,0,0,0,11.4,2.3,147,52.9,3,81,18,1,62531,36
610,1,42,5,0,1,11.3,4.6,135,55.1,6,0,18,1,54063,24
611,0,23,5,1,1,15.6,3.9,138,55.5,5,58,14,0,34503,30
612,1,27,4,0,1,9.6,5.8,117,50.7,5,62,12,0,18820,24
613,1,71,1,1,1,13.0,2.2,177,57.7,6,46,16,1,57927,39
614,1,38,0,1,1,13.2,5.8,110,54.1,6,2,12,1,57513,38
615,1,32,0,1,0,7.4,4.6,121,55.4,4,93,16,1,59026,42
616,1,67,0,0,1,8.1,7.9,132,60.4,2,27,10,0,18359,22
617,0,65,0,0,1,10.5,5.5,119,49.0,5,14,18,1,59843,29
618,1,79,1,0,1,0.5,3.9,112,54.1,1,64,20,0,26963,30
619,1,27,1,1,1,9.1,2.9,131,59.2,5,48,18,0,29396,36
620,0,61,4,1,0,14.9,4.8,121,53.2,4,54,18,1,61199,36
621,1,30,4,1,1,3.9,4.1,150,59.6,3,53,18,1,63689,39
622,1,65,4,1,1,12.7,6.5,137,46.9,3,24,12,1,57456,35
623,1,51,5,0,0,17.6,5.8,163,46.2,7,108,14,1,52366,35
624,0,61,4,0,1,11.2,3.8,128,50.0,2,0,18,0,32050,22
625,1,57,2,0,1,5.9,2.2,138,57.3,5,80,18,1,62839,35
626,0,59,4,0,0,9.0,5.3,99,46.7,5,0,16,1,57320,30
627,0,44,1,1,1,12.3,0.0,107,64.1,1,31,18,1,67617,38
628,1,68,4,1,1,12.9,7.9,149,55.4,4,106,10,1,57126,37
629,1,34,4,0,1,7.4,1.9,126,52.9,5,75,20,1,60028,32
630,0,38,2,0,1,11.7,7.2,112,50.2,3,39,12,0,23503,24
631,0,20,0,0,1,11.4,2.5,125,59.1,1,4,12,1,63474,25
632,1,38,1,0,1,13.6,7.9,123,65.0,6,121,14,0,27733,31
633,0,26,2,1,1,8.6,6.4,150,56.8,1,66,16,1,70004,33
634,0,21,3,1,1,7.9,7.2,118,49.4,1,41,14,1,68110,38
635,1,47,3,0,1,9.6,5.1,90,47.2,6,23,20,1,56797,31
636,0,69,1,1,0,17.0,6.3,87,57.9,2,25,20,1,61368,34
637,0,69,1,0,0,9.2,6.8,97,53.7,2,0,12,1,56575,26
638,1,62,4,1,1,14.0,7.9,124,52.9,4,99,14,1,58464,37
639,0,78,0,0,0,6.6,6.1,125,57.5,5,9,16,1,59663,32
640,0,31,3,1,1,10.8,4.8,114,54.6,5,0,18,1,70389,33
641,1,35,3,0,1,12.6,5.2,131,61.0,5,0,12,1,49447,30
642,1,36,0,0,1,14.1,6.6,156,54.3,2,26,14,1,55452,26
643,0,39,2,0,1,10.3,3.5,107,63.6,3,59,14,0,32839,27
644,0,65,0,0,1,5.0,6.8,110,52.2,3,72,18,1,68505,30
645,0,56,5,1,1,11.1,6.6,124,47.3,2,17,10,0,26191,29
646,1,67,4,1,0,10.0,2.5,131,56.1,6,0,10,0,24634,33
647,0,49,5,1,1,6.7,7.9,135,67.4,3,45,16,1,64823,38
648,0,27,3,1,1,4.9,7.7,127,57.1,5,30,10,0,28090,29
649,1,21,3,0,1,10.1,6.2,111,52.2,10,65,14,1,51735,32
650,0,28,3,1,1,10.5,6.5,133,55.6,2,3,14,1,69980,30
651,0,46,1,0,0,9.1,6.2,161,51.0,1,28,14,0,25211,25
652,1,63,3,0,1,5.3,5.8,135,48.7,3,93,14,1,56081,34
653,0,43,0,0,0,6.3,8.3,116,53.0,0,0,16,1,53732,28
654,1,46,2,1,1,18.8,6.4,118,58.5,4,24,22,0,33823,30
655,1,65,3,1,0,11.3,4.8,129,51.4,2,33,20,1,59108,35
656,0,49,4,0,1,12.9,8.4,105,49.4,3,3,16,0,30726,19
657,0,31,5,0,1,5.4,5.4,144,58.8,1,0,20,0,31788,19
658,0,54,5,0,0,6.3,2.8,134,55.1,1,43,12,1,56815,29
659,1,35,4,1,1,8.7,3.6,119,42.9,4,105,22,1,64382,43
660,1,27,0,0,1,7.9,6.6,97,53.0,6,61,16,1,59189,35
661,1,75,2,0,0,6.0,8.5,127,57.7,6,67,16,1,48944,30
662,1,53,1,0,1,15.8,4.6,92,57.8,5,15,22,1,56149,32
663,0,20,4,0,1,10.2,3.4,113,55.3,3,88,16,0,33779,25
664,0,43,5,0,0,10.5,3.1,143,67.9,0,42,18,0,26386,25
665,0,36,0,0,1,2.2,1.3,118,46.0,3,82,14,1,57568,36
666,1,62,0,1,0,11.5,3.9,139,49.8,9,77,12,1,57873,44
667,0,27,1,0,1,6.2,0.0,149,57.4,0,64,16,1,63398,32
668,1,46,1,0,0,16.1,7.2,70,46.6,4,86,16,1,54997,32
669,0,35,2,0,1,8.6,1.2,109,57.4,1,49,16,0,28750,27
670,1,59,0,0,1,9.3,8.1,85,56.3,2,0,18,1,55488,30
671,1,67,4,0,1,6.1,5.4,96,55.6,1,90,18,1,57072,31
672,0,47,1,0,1,18.5,6.7,128,66.4,2,40,12,1,59856,30
673,0,54,5,0,0,10.8,5.3,125,60.2,4,0,14,1,53005,27
674,1,72,1,1,0,13.6,3.2,101,56.0,4,19,12,1,56971,36
675,1,49,3,1,1,11.2,5.5,135,53.1,5,119,16,1,59426,40
676,0,70,3,1,1,10.9,8.5,93,47.2,1,53,10,1,62724,33
677,1,34,5,0,1,7.2,7.3,121,54.8,5,58,20,1,61001,34
678,1,43,2,0,1,8.4,7.9,141,53.0,4,93,14,1,58995,35
679,1,20,5,1,0,15.3,3.7,126,59.1,7,92,18,1,56209,42
680,1,21,2,1,1,11.5,1.3,127,51.4,5,57,10,1,53316,38
681,1,57,5,1,1,6.7,3.8,118,52.6,7,54,16,1,58042,41
682,0,75,4,1,1,7.7,6.4,140,51.5,4,58,16,0,39628,33
683,1,40,5,1,1,4.8,4.9,129,50.2,3,129,22,0,41418,37
684,1,21,1,0,1,16.5,2.7,136,53.0,1,28,14,1,58000,30
685,1,43,5,1,1,14.5,1.9,146,56.4,4,68,20,1,70064,34
686,1,71,0,0,1,9.9,5.3,116,53.4,3,89,22,1,62295,33
687,1,64,4,1,1,8.3,7.3,122,56.5,6,91,18,0,36400,35
688,0,50,0,0,1,11.2,6.0,108,50.3,2,11,10,1,58712,28
689,0,31,2,0,1,10.8,3.3,105,58.3,3,24,16,1,63985,32
690,1,56,0,0,1,2.3,7.9,85,63.0,1,14,10,1,47650,29
691,0,62,4,0,1,7.8,0.0,119,48.4,3,48,20,1,66748,28
692,0,46,4,0,0,11.5,7.4,92,56.7,0,26,16,1,53319,26
693,0,71,2,0,1,16.0,7.1,126,46.6,3,77,10,0,21246,24
694,1,28,0,1,0,12.7,6.7,97,59.9,5,61,18,0,29825,40
695,1,47,2,1,1,5.5,5.7,118,43.8,5,70,20,0,36091,37
696,1,25,3,1,0,13.9,7.0,138,64.4,3,63,16,0,26284,32
697,1,24,4,0,1,10.1,1.7,100,58.6,8,27,10,1,51037,30
698,1,57,0,0,1,10.7,4.2,119,49.2,6,67,10,1,52052,33
699,0,74,2,1,1,6.9,1.8,142,51.7,2,15,14,1,69182,33
700,0,45,1,1,1,8.1,5.0,139,54.9,5,14,16,1,65689,35
701,0,66,4,1,1,8.6,0.7,95,47.6,2,46,10,1,62194,34
702,1,64,2,1,1,9.3,3.7,112,58.2,8,50,18,1,62716,38
703,1,69,2,0,1,10.8,7.3,112,47.2,8,4,14,1,51890,30
704,0,50,3,1,0,6.1,4.8,130,60.8,0,20,12,1,58545,34
705,1,55,2,0,1,8.7,6.3,94,49.8,6,35,12,1,51001,33
706,1,27,4,1,1,9.1,4.9,109,57.9,0,75,22,1,67334,39
707,0,48,0,1,1,12.7,4.0,86,58.8,4,0,14,1,60243,33
708,1,63,2,0,0,16.3,6.9,114,59.1,3,91,14,1,49888,36
709,1,53,5,0,0,9.4,5.6,123,59.0,8,117,14,1,54988,40
710,0,62,1,0,1,7.9,5.2,147,53.6,1,0,14,0,29832,23
711,1,55,0,0,1,12.4,5.8,132,57.0,7,92,18,0,28154,29
712,1,26,2,1,1,14.7,6.4,136,51.1,4,151,12,1,54014,40
713,1,45,1,0,0,0.5,6.0,134,57.5,6,26,12,1,46086,31
714,0,43,1,0,1,11.8,7.8,121,57.3,4,26,20,0,30579,24
715,0,30,1,1,1,12.3,3.7,76,56.9,5,29,20,1,70525,38
716,0,27,2,1,0,10.8,3.2,135,61.1,2,32,18,1,65065,37
717,0,24,1,1,0,13.4,2.6,174,52.0,0,8,12,1,56601,31
718,0,47,3,1,0,10.2,3.0,124,64.6,4,25,20,1,67010,38
719,0,56,3,1,1,16.5,3.5,110,51.7,2,21,18,1,66957,37
720,1,64,5,0,0,19.3,2.4,138,59.8,8,53,18,1,57325,33
721,0,24,4,1,1,1.2,5.4,123,51.7,3,48,16,1,63497,39
722,1,47,2,0,1,10.5,3.1,141,55.6,4,70,22,1,60368,34
723,0,44,0,0,1,2.8,6.4,121,54.5,5,85,10,0,28671,34
724,1,67,3,0,1,10.0,4.3,108,50.3,6,0,18,1,53900,26
725,0,28,4,0,1,6.1,5.8,117,52.1,5,89,20,1,60589,36
726,1,75,0,1,1,9.4,6.3,114,55.5,5,0,12,1,59634,37
727,1,69,1,0,1,8.2,6.0,139,56.3,7,49,12,1,56135,29
728,0,69,0,0,1,5.4,4.4,110,55.0,1,29,18,1,65715,28
729,0,42,5,1,1,16.3,5.3,133,51.2,2,0,10,1,62862,31
730,1,33,0,1,1,14.2,5.5,112,56.2,6,52,14,1,59440,36
731,0,23,1,1,1,7.2,10.6,96,59.6,5,22,10,1,60116,36
732,1,54,5,1,1,15.0,4.5,126,51.2,5,100,16,1,57526,40
733,1,46,4,0,0,13.5,7.1,127,50.0,8,57,16,1,54472,33
734,1,52,2,1,1,16.9,4.4,137,52.5,10,17,22,1,62013,40
735,0,21,3,1,1,15.6,5.2,95,49.4,2,53,14,1,65880,37
736,1,60,4,1,0,8.6,5.0,147,51.6,0,94,16,1,62297,35
737,0,73,3,1,1,5.5,6.7,131,61.6,0,24,10,1,65158,32
738,1,78,1,1,1,14.0,4.1,118,65.3,5,74,16,0,29786,38
739,1,49,4,0,0,10.6,1.2,123,51.1,8,46,12,1,49036,36
740,1,37,2,1,1,12.1,3.3,132,49.7,1,1,14,1,57201,32
741,0,59,5,0,1,10.1,3.9,122,55.6,4,35,10,1,55169,32
742,0,52,4,0,1,6.1,7.3,134,57.0,0,40,14,0,28258,26
743,1,79,2,1,1,13.8,5.8,133,54.3,2,139,16,1,60290,43
744,0,63,4,0,0,15.4,2.0,71,50.3,1,61,20,1,58052,32
745,0,80,2,1,0,1.4,1.5,96,54.0,4,89,16,1,61848,45
746,1,74,1,0,0,0.5,5.0,110,55.0,3,16,12,1,49306,29
747,1,41,1,1,0,11.1,1.8,78,58.5,6,63,18,1,62688,45
748,1,47,4,0,0,20.1,8.4,118,49.2,6,56,14,0,15825,27
749,0,53,0,1,0,16.3,5.8,135,56.2,4,42,16,0,36212,36
750,0,31,4,1,1,7.1,5.4,155,54.6,5,52,10,1,67427,35
751,1,23,0,1,1,5.3,6.3,114,57.2,5,60,10,1,57755,40
752,0,35,2,0,1,6.6,9.1,125,55.2,1,19,10,0,24059,25
753,0,24,1,1,1,10.4,2.6,129,49.1,1,37,18,1,70043,38
754,1,70,2,0,1,5.5,4.6,127,54.6,7,118,14,0,28002,36
755,1,66,0,0,1,5.9,4.2,130,53.3,7,141,16,0,25058,39
756,0,74,3,1,1,10.5,4.0,152,58.8,4,51,10,1,61706,40
757,0,56,2,0,1,9.5,6.0,120,54.8,1,33,12,1,56844,31
758,1,50,3,0,1,10.2,8.8,116,59.4,7,64,18,1,61836,30
759,1,25,3,0,1,17.3,4.9,110,56.1,3,73,20,0,23221,28
760,1,79,0,1,0,6.3,9.2,125,53.3,9,93,12,1,53704,45
761,0,20,4,1,1,14.8,3.8,90,57.4,4,49,16,1,62411,37
762,0,61,0,1,1,11.6,7.2,98,58.2,0,49,12,1,65822,38
763,0,61,2,0,1,3.1,9.0,111,52.0,3,20,18,1,63111,28
764,1,67,1,1,1,17.4,7.0,120,57.0,4,29,16,1,63298,34
765,1,77,1,0,1,13.5,2.0,87,59.9,7,71,16,1,61555,35
766,1,55,5,1,1,6.1,2.5,94,52.0,4,107,14,1,64548,41
767,0,50,3,0,0,13.9,5.8,129,57.9,5,59,10,0,25967,32
768,0,24,3,0,1,8.6,5.2,110,53.7,1,77,12,1,61818,32
769,0,23,1,1,1,9.3,1.9,87,53.1,0,34,16,1,70401,34
770,0,58,0,1,1,13.9,6.5,118,58.0,0,36,16,1,68254,35
771,0,36,0,0,1,15.7,11.2,111,57.6,0,10,16,1,62635,29
772,1,31,0,0,0,11.3,6.3,141,47.2,5,75,14,1,54254,35
773,0,71,2,0,1,10.4,4.3,139,58.7,3,26,12,1,57582,31
774,0,72,5,0,1,4.9,6.5,143,60.0,3,35,16,1,61981,25
775,0,36,4,0,1,9.7,4.2,144,56.0,2,43,16,0,30065,27
776,0,20,5,1,1,9.6,3.4,136,53.6,0,33,14,1,65555,29
777,1,46,2,0,1,9.9,6.3,149,41.9,6,79,10,1,52371,36
778,1,28,2,1,1,14.2,6.2,109,59.8,5,92,22,1,65376,41
779,0,33,2,1,1,6.0,7.3,119,54.0,2,20,14,1,68577,36
780,0,46,1,1,0,6.3,1.2,112,61.8,1,29,18,1,67643,40
781,1,54,4,1,1,10.9,3.1,134,50.8,1,42,20,1,64236,32
782,0,80,3,1,0,9.3,4.2,130,54.4,3,6,16,1,67597,32
783,1,56,0,0,0,5.9,4.6,128,64.0,8,111,18,0,28319,36
784,1,40,2,0,0,6.0,4.9,96,47.0,3,92,16,0,21254,33
785,0,26,2,1,1,9.5,1.4,106,46.5,0,17,10,0,32350,33
786,0,40,4,0,1,16.2,7.7,115,55.1,5,0,14,1,58108,25
787,0,45,2,1,1,8.8,5.6,71,58.2,4,38,16,1,64468,40
788,0,63,1,0,1,6.0,6.5,113,57.7,0,38,16,0,32031,23
789,1,75,4,1,0,10.4,2.8,130,56.2,2,67,14,1,56095,37
790,0,27,2,1,1,6.1,3.3,138,57.2,1,61,14,1,67246,37
791,1,47,5,1,0,9.3,3.7,91,49.1,3,112,10,0,24444,39
792,1,76,0,1,0,10.2,7.5,115,50.3,5,54,18,0,29721,34
793,0,66,4,1,1,8.2,6.2,112,53.5,1,52,10,0,31714,31
794,1,76,5,1,1,6.4,4.3,138,55.3,9,51,16,0,30144,38
795,0,47,3,0,1,4.7,7.4,124,60.7,2,77,14,1,58987,28
796,1,23,4,0,1,5.6,5.5,103,59.4,5,0,16,0,30684,27
797,1,56,5,0,1,18.3,7.5,92,44.2,4,115,22,0,33669,30
798,0,39,5,0,1,10.1,7.6,103,51.7,3,13,12,0,25208,25
799,1,47,4,1,1,8.7,5.9,120,54.7,5,16,20,0,30745,29
800,1,28,1,1,1,13.0,4.3,121,49.9,4,46,14,0,33411,35
801,1,56,2,0,1,11.4,7.5,145,53.6,1,0,18,1,61707,26
802,0,45,2,1,0,13.0,4.8,122,51.0,3,88,16,1,66132,40
803,1,54,3,1,1,10.5,6.9,115,54.1,5,67,20,0,34011,36
804,1,40,0,1,0,14.3,7.1,118,57.3,4,107,12,0,22580,42
805,1,73,5,0,1,8.6,3.2,122,57.3,4,50,18,1,60203,28
806,0,47,3,0,0,15.2,3.5,114,49.1,0,34,14,1,53353,27
807,0,37,1,1,1,12.7,3.3,105,52.1,0,38,14,1,60479,32
808,0,45,0,1,1,9.4,6.5,146,57.5,1,57,18,1,65434,35
809,0,70,2,1,1,10.2,2.8,99,57.4,1,9,14,1,61514,36
810,1,28,4,0,0,11.4,6.0,123,55.4,5,90,18,1,50754,31
811,0,37,2,0,0,16.9,5.3,134,51.0,2,17,18,1,57568,26
812,0,23,5,0,0,10.0,6.8,129,53.2,1,10,18,0,30619,23
813,0,42,2,1,1,11.2,4.7,113,57.9,3,8,14,0,32422,27
814,1,23,4,1,0,16.6,6.6,104,52.9,1,53,10,0,26007,31
815,1,77,0,1,1,0.0,5.4,108,46.7,0,29,22,1,70095,34
816,0,48,4,1,1,3.8,7.2,123,61.4,4,14,12,1,65717,36
817,0,20,1,1,1,8.7,5.5,133,56.1,2,0,18,1,71281,37
818,1,68,3,0,1,9.0,3.1,123,64.4,6,12,18,1,61143,30
819,0,72,3,0,0,9.5,6.6,132,47.4,3,0,16,1,58030,30
820,0,63,5,0,1,8.8,5.4,148,47.3,4,0,18,0,34795,24
821,0,65,1,1,0,8.6,5.7,133,50.2,0,0,20,0,40407,29
822,1,26,2,1,0,4.1,5.0,145,55.2,6,123,16,1,58960,45
823,1,56,0,0,1,1.8,3.9,138,54.7,5,124,12,0,20185,33
824,1,23,3,1,0,6.9,6.0,107,58.4,0,0,20,0,27297,28
825,1,69,1,0,1,9.7,1.3,109,46.4,5,81,10,1,52198,31
826,0,66,5,1,0,10.7,5.9,111,58.8,5,80,10,1,54032,37
827,1,41,0,1,1,10.3,2.6,131,62.0,8,123,12,1,55022,47
828,0,35,2,1,1,9.3,6.2,130,56.3,3,41,14,0,36050,31
829,1,26,1,1,1,18.0,5.0,121,49.2,3,108,14,1,60759,41
830,0,58,5,1,1,8.3,6.0,142,49.0,5,62,10,0,27913,33
831,0,46,0,0,0,15.6,1.9,107,54.4,0,20,16,1,60876,31
832,0,57,0,0,1,10.8,4.6,121,54.7,4,33,20,1,68650,32
833,1,61,5,1,1,13.9,4.5,80,55.0,7,73,20,1,64184,40
834,1,42,3,1,0,13.8,6.6,119,55.0,9,19,16,1,57870,35
835,1,51,4,0,1,20.7,5.2,52,56.1,8,0,18,1,55198,29
836,1,32,0,0,0,5.2,7.6,98,54.6,4,58,14,1,55477,36
837,0,20,1,1,1,10.1,3.8,116,60.7,5,35,16,1,70637,37
838,0,40,5,1,1,10.2,7.6,125,66.7,1,41,18,1,66099,31
839,1,51,2,0,1,12.9,2.9,118,55.8,0,60,14,1,53296,33
840,1,64,2,1,0,12.3,3.0,96,51.5,5,14,12,0,22357,33
841,1,49,1,1,1,14.3,5.1,115,54.6,7,123,12,1,58442,46
842,0,36,0,1,0,8.5,6.5,147,60.1,4,46,16,1,62876,39
843,1,27,0,1,1,10.2,0.1,118,55.3,4,37,22,1,63626,36
844,1,60,4,1,1,13.1,7.6,130,62.1,10,32,18,1,62659,39
845,0,57,3,0,1,13.2,4.3,114,51.4,2,28,12,1,54532,31
846,1,62,3,1,0,10.9,5.6,119,54.7,5,100,10,1,56394,41
847,1,49,4,0,1,2.6,4.9,134,54.4,6,87,14,0,28590,28
848,1,71,0,0,0,8.5,6.1,126,54.0,7,24,14,1,52613,35
849,1,77,3,0,1,11.3,5.0,125,60.2,5,63,20,1,55415,31
850,0,42,1,1,1,9.2,4.5,140,48.6,0,55,12,1,66351,34
851,0,21,3,1,0,0.1,6.0,113,48.8,4,85,18,0,32790,37
852,1,73,1,0,1,8.0,4.8,130,57.7,6,36,14,1,54220,34
853,0,64,3,0,1,8.4,3.7,86,62.0,4,49,20,1,69121,33
854,1,42,0,0,1,3.6,2.8,158,56.3,5,12,10,1,57012,27
855,1,49,3,1,1,2.8,5.4,107,54.0,5,0,12,1,63570,33
856,1,54,0,1,1,5.8,4.2,125,62.4,5,64,12,1,62529,42
857,1,54,5,0,1,7.0,4.9,141,53.2,6,19,18,0,26869,27
858,0,46,4,1,1,16.1,5.6,145,52.8,2,20,12,0,34465,30
859,1,32,5,0,1,13.2,3.2,152,56.7,0,81,14,1,51009,29
860,0,76,1,0,1,6.1,6.2,138,64.4,3,0,12,0,31199,22
861,0,67,1,0,1,7.9,5.9,133,54.1,0,30,20,1,62888,25
862,0,28,5,1,1,11.4,4.2,133,46.7,3,0,10,1,64253,34
863,1,70,3,1,0,14.1,7.2,131,41.0,7,89,20,0,25647,38
864,0,77,0,1,0,8.6,9.5,115,57.4,3,3,20,1,68384,34
865,0,55,2,0,1,9.4,4.8,112,62.3,2,20,16,1,61572,25
866,0,70,1,0,1,6.4,5.9,111,54.8,2,27,16,1,64507,27
867,1,52,1,0,1,14.7,3.9,154,52.9,5,76,18,1,60346,37
868,1,27,1,0,1,5.2,7.0,161,48.6,8,0,16,1,55556,29
869,1,53,0,1,1,9.3,3.6,105,49.6,5,101,18,1,62238,39
870,1,68,0,0,1,14.4,8.4,114,53.7,1,55,14,1,57977,30
871,0,57,0,0,1,10.3,2.3,74,44.6,4,48,14,1,56121,30
872,0,54,2,1,1,4.0,3.3,161,57.4,1,47,14,0,39566,30
873,1,70,4,1,1,11.5,4.2,135,58.3,3,17,12,1,63258,31
874,1,20,0,0,1,11.8,4.9,98,53.7,6,69,18,0,23441,31
875,0,20,4,0,1,6.3,5.2,140,60.6,4,39,20,0,33304,26
876,0,59,5,1,0,10.5,4.1,120,53.4,1,45,18,1,66429,38
877,0,22,2,0,1,17.0,5.8,120,52.0,2,27,20,1,62809,28
878,0,47,0,0,1,7.1,1.5,124,48.3,1,0,12,1,63162,25
879,0,54,4,0,1,13.2,7.0,112,58.3,3,9,20,1,66805,26
880,1,68,5,0,1,2.9,6.4,125,47.7,1,100,18,1,54869,31
881,0,32,2,0,1,14.2,6.3,128,59.1,0,45,10,0,28505,24
882,0,70,2,0,1,11.9,2.2,113,64.7,3,9,16,0,31506,23
883,0,28,2,0,1,7.6,6.4,117,65.2,3,14,18,0,36666,23
884,0,80,4,0,1,5.6,3.3,107,57.0,0,95,20,0,38906,25
885,0,40,1,0,0,7.2,4.9,107,50.0,1,97,18,0,25716,33
886,0,59,3,1,1,1.7,7.2,157,50.4,3,91,14,1,65210,38
887,0,26,1,1,1,7.6,4.2,139,56.3,3,21,18,0,42788,31
888,1,74,0,1,1,13.3,6.2,112,55.1,7,38,14,0,31369,34
889,0,43,0,0,1,7.2,5.1,97,49.3,4,11,12,0,31685,24
890,0,61,4,0,1,7.8,2.0,117,56.4,1,36,18,1,67439,31
891,1,58,3,1,0,12.7,5.8,132,60.8,8,58,12,1,53300,41
892,1,20,1,0,1,13.4,4.0,123,51.2,6,126,14,1,55072,35
893,1,67,3,1,1,10.6,3.7,167,67.8,8,59,16,0,34938,37
894,0,64,1,0,1,13.8,9.0,109,42.2,5,0,16,1,56899,31
895,0,74,3,1,1,10.5,0.0,87,54.1,1,29,14,1,68565,37
896,1,74,5,0,1,11.1,5.4,108,56.0,7,25,18,0,29253,23
897,1,58,0,1,1,5.9,7.3,126,56.7,2,30,10,1,59112,33
898,0,45,2,0,1,12.4,4.6,122,58.1,3,30,18,1,60444,26
899,1,68,1,0,1,15.0,5.8,117,58.7,8,16,14,1,52749,34
900,1,70,3,0,1,15.7,4.1,113,51.2,1,39,12,0,23007,25
901,1,37,0,0,0,7.7,7.9,86,54.6,5,56,14,1,56097,33
902,1,27,0,1,0,13.5,1.1,155,58.4,8,96,14,1,52176,42
903,1,62,3,0,0,13.6,2.5,129,52.3,7,26,14,0,19046,27
904,1,43,2,1,0,6.3,5.1,118,52.6,5,102,22,1,59324,43
905,1,43,1,0,1,14.3,5.2,133,58.7,7,36,22,0,32272,27
906,0,79,1,1,1,0.0,3.8,139,60.4,3,40,18,0,39409,36
907,1,51,4,1,0,14.2,0.3,98,47.1,5,0,18,1,57180,34
908,0,25,3,0,1,9.3,4.1,125,58.8,4,41,20,1,62171,30
909,1,71,3,0,1,14.3,6.8,129,51.2,4,88,20,0,25387,26
910,0,24,0,1,0,10.8,1.7,115,55.7,0,12,18,1,68655,38
911,0,30,2,0,1,5.2,1.2,129,61.9,1,68,18,1,66225,31
912,0,77,5,0,1,11.6,6.6,115,54.7,4,30,10,1,58754,31
913,1,51,3,0,0,10.0,5.7,114,55.6,8,30,18,1,55173,34
914,1,37,3,0,1,6.7,6.0,129,53.3,5,89,12,1,54202,34
915,1,47,2,1,0,11.9,4.2,133,59.4,6,109,18,1,56101,43
916,0,74,1,1,1,8.5,6.9,107,43.5,2,0,14,1,69092,36
917,0,56,2,0,0,15.5,3.3,123,54.1,2,74,12,0,18875,30
918,0,78,5,0,1,0.8,3.0,146,53.5,2,39,20,0,35249,25
919,1,79,3,1,1,8.1,4.0,107,58.7,9,128,16,1,62121,44
920,1,53,3,0,1,7.1,3.5,100,52.0,3,61,20,1,63453,33
921,1,80,3,1,1,5.7,1.5,129,58.0,3,82,14,1,63550,37
922,1,25,2,0,0,16.3,4.7,108,50.7,3,47,10,1,43768,33
923,0,77,0,0,1,7.4,8.6,100,51.0,3,47,10,1,58912,33
924,0,55,2,1,1,11.9,4.7,115,57.3,1,15,16,1,65893,37
925,1,34,5,0,1,11.5,6.9,104,53.6,5,46,20,0,26137,26
926,0,34,3,0,1,14.4,7.0,123,57.3,0,16,20,1,64835,23
927,1,76,5,1,1,9.5,3.6,152,56.1,5,0,18,1,63790,35
928,1,40,2,1,1,13.0,2.1,167,47.2,8,82,18,1,62382,44
929,0,25,4,1,0,12.6,3.2,140,58.2,0,0,14,0,27153,31
930,0,33,5,1,0,5.5,7.1,111,56.8,5,67,20,1,70825,37
931,1,44,5,0,1,5.1,5.5,103,59.0,5,94,12,1,49724,29
932,0,80,3,0,1,5.2,7.4,113,62.8,1,64,18,1,62056,28
933,1,54,4,0,1,14.0,3.4,100,51.0,5,32,18,1,57256,30
934,0,39,2,1,0,10.5,4.5,167,56.6,3,0,20,1,63913,38
935,0,59,2,1,0,8.2,6.6,126,48.1,3,26,18,1,65291,39
936,1,27,3,1,0,8.3,7.8,106,62.2,7,78,14,1,60258,40
937,1,57,5,1,0,10.0,4.3,87,48.0,9,67,20,1,65912,42
938,1,78,4,0,1,11.2,4.3,80,57.3,6,45,22,1,66008,29
939,1,58,5,0,1,3.9,8.5,131,53.1,6,72,16,1,60659,34
940,1,35,1,0,0,3.9,4.9,112,48.5,6,87,14,0,24367,30
941,0,53,0,0,1,4.3,1.8,140,59.0,4,10,18,1,68127,33
942,0,48,2,1,1,3.7,6.3,110,58.6,1,11,16,1,66123,35
943,0,69,2,0,1,3.5,4.7,112,57.9,5,0,16,0,33162,28
944,0,51,1,1,1,10.7,9.0,127,55.9,5,38,16,1,63136,33
945,1,55,4,1,0,9.3,0.2,144,57.7,7,95,20,1,66498,45
946,1,78,2,1,1,12.1,4.1,118,52.5,8,0,18,0,35930,30
947,1,63,5,1,1,11.4,7.3,107,59.9,4,92,20,1,65404,41
948,0,45,2,1,1,8.4,4.9,121,57.2,4,12,16,0,32604,31
949,1,47,1,1,1,11.8,10.2,153,54.7,6,47,12,1,53748,40
950,0,77,4,1,1,11.6,7.2,110,55.2,1,50,10,0,26594,31
951,0,23,0,0,1,12.9,6.8,118,56.3,5,33,18,1,63822,30
952,0,64,0,0,1,7.9,6.2,138,61.3,5,37,14,1,57852,34
953,0,43,1,0,1,8.8,5.9,139,59.5,5,58,16,1,63641,29
954,0,23,3,0,1,7.9,4.5,144,59.4,5,43,18,0,31473,27
955,0,73,1,1,1,7.1,6.1,111,51.9,3,30,10,0,32546,31
956,0,39,3,0,0,11.8,4.0,124,54.3,4,41,20,1,62771,30
957,1,30,4,1,1,5.5,7.0,88,57.3,5,117,18,1,65448,40
958,1,51,5,1,1,9.2,6.3,99,53.1,2,60,10,0,23218,30
959,0,64,2,1,1,1.5,3.0,120,53.0,0,36,16,1,65499,38
960,0,46,3,0,1,1.1,4.5,94,56.6,2,1,20,0,32362,24
961,1,34,4,0,1,14.7,1.3,89,64.5,7,74,12,1,54322,32
962,1,55,5,0,1,7.9,6.2,147,58.1,4,94,14,0,26483,29
963,0,63,2,1,1,7.6,7.1,129,59.4,3,57,14,1,66215,36
964,0,70,3,0,1,9.6,5.4,126,53.9,5,0,18,1,67938,26
965,0,79,1,1,1,6.1,7.8,149,57.9,2,78,12,0,35345,36
966,1,67,5,1,1,8.1,5.0,116,53.3,2,87,16,1,57717,39
967,1,34,5,0,1,16.8,3.7,83,45.9,2,15,14,1,58482,28
968,0,38,0,0,1,13.7,8.1,85,48.4,2,0,14,1,59080,26
969,1,76,0,0,1,10.0,1.7,114,54.6,9,86,12,1,58975,34
970,1,71,0,1,0,5.0,5.1,119,52.0,0,94,18,1,61826,42
971,1,36,1,0,0,7.8,11.7,124,44.2,7,21,18,0,25765,27
972,0,24,2,0,0,6.6,5.6,117,51.0,0,68,20,0,32862,25
973,1,67,5,1,1,17.6,4.4,118,53.1,3,45,18,0,29717,34
974,0,67,5,0,1,10.2,5.7,128,55.5,1,37,18,1,62853,27
975,1,45,3,0,0,14.4,6.2,145,67.2,3,27,10,1,44127,26
976,0,34,5,1,1,17.8,5.6,129,48.8,3,19,12,1,65104,35
977,0,39,4,1,1,7.3,1.2,134,57.8,0,52,14,1,61815,34
978,1,34,1,1,1,17.4,4.0,91,46.1,7,132,20,0,36934,41
979,1,46,3,0,1,4.4,8.1,151,55.3,2,75,12,1,57282,34
980,1,75,0,0,1,10.2,2.8,87,56.6,8,0,12,1,54487,32
981,1,45,1,1,0,0.4,5.4,90,61.3,3,55,16,0,30758,34
982,0,25,1,0,1,9.7,8.1,99,53.2,0,34,16,1,60812,29
983,0,77,1,1,1,7.8,6.1,86,48.9,4,23,18,0,33395,31
984,0,64,2,1,0,10.3,5.8,100,48.2,4,60,18,1,64098,36
985,0,61,0,1,0,12.7,5.3,104,58.2,1,27,10,1,56249,38
986,0,35,5,0,1,7.1,6.8,127,63.5,5,0,12,1,55878,28
987,0,42,4,0,1,9.3,7.9,143,66.3,4,9,12,1,60996,29
988,1,50,5,0,0,11.4,5.0,115,62.2,5,62,22,1,60143,29
989,1,34,2,1,1,9.7,4.3,123,49.3,6,0,10,0,26615,34
990,1,58,3,1,0,7.6,3.0,86,48.6,4,79,14,1,62307,41
991,0,21,0,1,0,13.7,8.2,141,62.4,2,0,20,1,66867,38
992,0,41,5,0,1,12.7,5.3,126,56.3,5,36,14,0,30501,25
993,1,65,5,0,1,7.0,3.8,141,50.0,2,85,10,1,50285,31
994,0,65,5,1,1,14.9,4.7,112,59.1,4,41,12,1,61093,32
995,0,80,0,1,0,11.8,4.6,91,56.9,1,70,16,0,30496,37
996,1,55,2,0,0,11.2,3.5,97,63.9,8,13,12,0,14812,28
997,0,68,5,0,1,16.9,5.8,99,53.7,2,0,14,1,59421,22
998,1,54,5,0,1,10.5,5.7,126,50.1,7,44,20,0,31847,27
999,1,69,0,1,1,10.9,5.8,97,50.6,10,69,16,0,31610,41
1000,1,32,5,1,1,16.2,7.3,151,54.0,4,77,20,1,64522,39
1001,0,42,4,1,0,9.6,5.8,114,53.7,0,41,18,1,64062,34
1002,0,53,1,1,0,7.7,4.3,101,56.7,5,11,16,1,67083,36
1003,1,44,0,0,1,12.0,3.9,135,56.2,9,104,20,1,58863,38
1004,1,27,2,1,0,16.5,5.9,103,56.9,4,97,16,0,22887,36
1005,1,38,1,0,1,10.1,2.4,125,56.0,6,60,12,1,58652,36
1006,0,38,1,0,0,13.7,4.0,158,56.5,3,0,10,1,51691,29
1007,0,50,3,1,1,7.2,5.4,112,54.4,3,19,18,1,67421,35
1008,0,58,1,0,1,14.4,5.8,94,55.6,2,45,20,1,60759,32
1009,0,31,5,1,1,10.1,3.3,128,61.2,0,17,12,1,67964,34
1010,1,22,0,0,1,8.1,3.8,143,62.2,9,21,20,1,60212,33
1011,0,24,1,0,1,4.4,6.4,106,51.3,5,51,20,1,67596,30
1012,1,35,0,0,0,15.0,5.0,134,51.9,10,63,16,1,57272,34
1013,0,39,4,0,1,8.0,6.4,120,53.5,0,38,18,1,65187,27
1014,0,26,2,0,1,11.1,4.5,120,59.0,3,0,20,1,68851,26
1015,1,63,0,1,0,3.3,3.9,106,55.7,7,19,10,0,24991,35
1016,1,27,0,1,1,13.2,7.4,108,52.0,6,69,14,1,56500,39
1017,1,35,0,1,1,10.3,3.7,105,54.9,5,76,16,1,59110,43
1018,0,33,3,1,0,12.7,6.4,124,53.7,1,47,10,1,62692,34
1019,0,74,4,0,1,4.2,6.8,82,42.5,2,0,16,1,61660,29
1020,0,41,3,1,0,6.0,2.1,148,59.9,1,66,16,1,65578,41
1021,1,74,5,1,1,10.5,4.4,122,55.4,7,132,12,1,54943,40
1022,0,34,1,1,0,9.8,5.4,113,53.9,2,5,10,1,53699,32
1023,1,65,1,1,1,7.2,3.4,70,63.3,8,30,10,1,53283,35
1024,1,53,3,1,1,8.4,5.0,113,58.0,6,69,22,0,37741,36
1025,0,73,0,0,0,4.2,5.9,135,47.6,5,20,20,1,63666,30
1026,1,41,5,0,0,6.4,3.2,93,58.4,6,88,20,1,59933,36
1027,1,22,0,1,1,15.3,3.9,120,55.0,4,62,18,1,59485,36
1028,1,80,3,1,0,6.7,5.6,111,48.8,3,27,16,0,28291,34
1029,1,62,3,1,1,10.8,7.6,131,56.0,5,56,20,1,68356,37
1030,1,77,0,1,1,7.9,6.8,107,53.6,4,52,12,1,55957,35
1031,0,64,3,0,1,16.1,6.6,119,55.1,2,63,20,1,63904,31
1032,0,45,1,0,1,7.6,9.6,123,59.0,3,30,10,1,58466,30
1033,0,58,4,1,1,7.8,3.8,100,51.5,1,0,20,0,42215,25
1034,1,76,2,1,1,11.8,1.9,106,45.5,1,67,12,1,59312,38
1035,0,25,5,1,1,6.4,5.5,100,53.1,2,42,16,0,37631,30
1036,1,60,5,0,1,12.1,2.7,135,57.3,3,18,16,0,30523,27
1037,0,30,2,1,1,15.8,6.2,71,56.5,2,77,18,1,67086,35
1038,1,77,4,1,1,5.3,5.9,114,46.1,5,32,10,1,55305,33
1039,0,31,0,0,1,16.2,9.0,142,48.2,0,63,10,1,56796,30
1040,1,63,0,0,1,17.3,4.0,116,54.4,6,49,20,1,61402,31
1041,0,44,3,0,1,12.2,7.2,135,53.5,4,0,18,0,32783,27
1042,1,38,0,0,0,13.9,10.5,106,55.2,4,35,22,1,57796,29
1043,0,56,2,1,1,7.7,7.1,145,55.1,0,0,14,1,70194,35
1044,1,66,1,1,0,11.6,7.1,134,52.6,4,61,12,1,51597,36
1045,0,51,2,1,0,14.4,8.2,115,48.8,3,17,12,1,58781,36
1046,0,32,5,1,1,8.4,5.4,103,52.0,5,18,18,0,35828,34
1047,1,25,1,0,1,11.2,5.2,149,51.2,7,84,16,1,60918,31
1048,0,61,3,1,0,9.3,3.6,141,50.0,3,31,12,1,64697,36
1049,0,37,0,0,1,8.8,3.2,146,52.7,3,10,20,0,35549,28
1050,1,78,3,0,1,12.1,6.9,153,52.8,5,138,14,1,51545,36
1051,0,32,2,0,1,8.2,6.6,128,62.3,3,5,10,1,58917,29
1052,1,67,5,1,0,6.3,2.9,119,59.0,2,116,12,1,52126,43
1053,0,45,1,0,1,7.8,4.9,110,53.4,4,50,14,0,26248,24
1054,1,25,3,0,1,3.2,5.8,148,53.9,5,71,20,1,63110,31
1055,1,77,4,0,0,15.8,4.7,130,48.4,3,18,14,1,48397,28
1056,1,32,0,1,1,2.9,6.6,87,44.4,5,45,14,1,57114,41
1057,0,28,0,0,1,8.2,7.5,93,50.3,5,0,16,0,29533,24
1058,0,27,2,0,1,8.5,5.9,139,42.8,2,24,12,0,32777,26
1059,0,72,5,0,0,12.9,8.1,114,54.8,2,56,18,1,59640,31
1060,0,71,5,0,0,19.7,3.6,147,67.2,5,41,12,1,57180,29
1061,1,34,2,1,0,9.8,6.5,95,55.4,4,27,22,1,66987,40
1062,1,25,5,1,0,9.8,5.6,140,46.0,6,69,10,0,24698,34
1063,0,56,0,1,1,4.7,4.2,119,48.3,4,35,12,0,36865,32
1064,1,52,4,1,0,9.3,6.3,107,49.9,5,17,20,1,61656,39
1065,0,68,1,1,0,17.3,2.2,107,64.6,0,53,20,1,68581,35
1066,1,51,1,0,1,6.4,5.1,113,59.5,4,101,18,1,59628,36
1067,1,32,5,0,0,9.5,4.7,125,52.0,8,86,20,1,55433,36
1068,1,61,5,1,0,11.4,2.3,106,60.4,10,90,18,1,56293,41
1069,1,42,0,0,1,6.4,4.1,101,57.2,10,44,16,0,23622,28
1070,0,67,0,0,1,11.3,6.8,124,61.2,1,39,12,1,53363,31
1071,1,58,1,1,0,13.7,6.1,134,56.6,4,15,20,1,65086,34
1072,1,58,3,0,1,11.9,4.3,75,51.9,2,71,18,1,62900,29
1073,1,57,1,1,1,10.5,4.1,100,51.2,5,78,18,1,59147,37
1074,0,77,3,0,1,12.8,5.7,147,49.3,3,20,20,1,63991,26
1075,0,41,0,0,1,8.5,4.1,121,52.1,5,37,12,1,54651,34
1076,0,41,1,0,0,6.1,4.0,126,55.7,2,52,10,0,22182,25
1077,1,41,2,1,1,9.1,4.0,99,55.0,4,106,22,1,64719,39
1078,0,27,2,1,0,12.3,5.6,121,51.7,2,43,16,1,64414,39
1079,0,40,1,1,0,6.3,10.4,116,55.0,1,65,16,1,65400,37
1080,1,77,4,0,1,8.2,5.4,124,58.9,3,108,12,0,21611,29
1081,0,36,2,0,1,5.8,3.8,113,53.0,2,86,18,1,67671,32
1082,0,37,5,1,1,9.2,6.3,118,56.2,1,32,10,0,32958,30
1083,0,31,4,1,0,15.1,6.8,94,54.6,1,31,16,1,65959,35
1084,0,58,3,1,0,9.9,7.5,89,49.1,0,51,10,1,62349,35
1085,0,60,3,1,0,14.9,4.1,110,50.9,5,30,20,1,70203,40
1086,1,38,0,1,1,5.4,4.4,111,62.4,10,53,16,1,63576,40
1087,1,39,2,1,1,8.6,5.1,153,61.0,1,86,16,1,60207,40
1088,1,49,4,1,1,11.2,3.2,137,51.3,4,56,12,0,27801,30
1089,0,21,2,1,1,10.6,4.2,157,46.6,1,47,20,1,66833,33
1090,0,41,2,1,0,12.2,6.4,95,45.0,4,4,16,0,34649,34
1091,1,54,0,0,1,0.2,5.3,106,54.9,2,111,22,1,66202,37
1092,0,58,1,0,1,6.3,4.5,126,57.5,1,36,14,1,57509,31
1093,1,75,5,1,1,15.4,2.0,125,56.7,8,87,14,1,63940,43
1094,1,30,0,1,0,12.0,5.6,109,54.8,1,46,10,0,25280,34
1095,1,35,5,1,1,14.3,3.4,105,53.5,7,47,18,1,59553,34
1096,0,25,3,1,0,7.3,3.4,119,48.2,0,22,20,1,67618,34
1097,1,52,1,0,1,10.1,3.0,106,62.7,4,60,12,1,52742,34
1098,0,47,0,1,1,11.5,5.2,144,45.9,2,31,10,1,61130,39
1099,1,26,5,1,1,5.5,3.8,100,51.7,6,15,16,0,29964,30
1100,1,53,5,0,1,7.7,3.7,83,53.9,3,46,14,0,26158,24
1101,1,70,2,0,1,8.6,3.4,111,53.4,5,152,22,1,57289,40
1102,0,34,1,1,1,2.0,6.8,129,58.3,2,72,12,0,32251,38
1103,0,28,3,0,0,8.6,4.8,124,59.4,2,29,10,1,52228,28
1104,1,71,2,1,1,16.0,9.3,102,51.9,5,43,10,1,57087,33
1105,0,77,4,0,1,6.4,3.9,138,60.1,4,31,16,1,61589,30
1106,1,60,2,0,1,9.1,5.4,109,65.8,5,101,10,1,55130,36
1107,1,34,1,1,1,13.9,5.3,147,55.9,6,94,20,1,66741,43
1108,0,35,0,1,1,12.4,4.9,138,57.3,2,23,14,1,63386,36
1109,1,44,5,0,1,15.4,7.8,127,57.8,4,8,14,1,49465,25
1110,1,40,5,0,0,12.3,7.3,86,50.9,7,0,20,1,55555,26
1111,0,46,0,0,1,6.9,7.0,154,47.1,0,38,20,1,67022,31
1112,0,51,4,1,1,8.8,9.1,142,50.6,4,31,10,1,65940,37
1113,0,45,2,1,0,12.5,6.9,118,54.7,2,17,20,1,62463,33
1114,1,26,5,1,0,1.2,5.9,106,50.6,6,44,20,1,62871,36
1115,1,48,3,1,1,13.1,5.5,140,63.6,6,61,10,1,59195,37
1116,1,33,1,1,1,11.0,4.5,112,61.1,5,66,14,1,56735,35
1117,1,59,5,0,1,16.2,6.9,124,55.0,7,59,18,1,53924,34
1118,0,27,4,1,1,5.8,2.1,114,51.0,5,47,20,1,67567,35
1119,1,64,4,1,1,7.2,0.6,156,54.8,6,80,14,0,27594,38
1120,0,24,1,1,0,9.0,7.3,117,50.9,5,55,12,0,27679,32
1121,1,74,2,1,1,13.8,5.0,159,49.8,5,37,18,1,65825,34
1122,0,56,3,0,1,11.6,4.1,73,60.7,1,10,10,0,29970,22
1123,0,76,2,0,1,4.7,3.9,135,58.5,2,38,18,0,37662,30
1124,1,66,5,1,1,14.4,3.5,121,56.6,8,84,18,1,63482,42
1125,0,54,2,1,1,8.7,7.0,125,50.8,2,13,10,1,66480,35
1126,1,49,5,0,1,15.1,4.3,95,51.0,9,60,14,0,24690,32
1127,1,33,0,0,1,9.3,7.5,147,58.5,3,82,14,1,57953,33
1128,1,40,3,0,1,12.8,4.2,152,42.5,4,26,10,1,51223,30
1129,1,24,3,0,1,14.8,7.9,105,58.0,2,84,18,1,55452,33
1130,1,48,5,1,1,7.6,4.4,111,41.7,6,72,20,1,66052,36
1131,1,32,0,1,1,10.9,7.2,135,54.0,3,45,22,1,61395,39
1132,1,44,1,0,1,14.5,4.2,142,56.0,6,24,12,1,57697,31
1133,1,30,2,1,1,13.8,3.4,145,48.7,9,94,18,0,36112,36
1134,0,37,3,1,0,5.3,1.3,160,53.9,1,27,14,0,35695,32
1135,0,70,5,0,0,11.1,5.5,142,51.1,1,27,20,1,62629,26
1136,1,73,4,1,1,10.8,5.1,65,54.5,5,56,16,0,27843,36
1137,0,73,1,1,1,7.5,2.7,134,57.1,2,67,14,1,63022,40
1138,0,34,0,0,0,11.7,0.2,89,55.0,0,46,16,1,59109,32
1139,0,54,3,0,1,6.9,5.4,114,58.0,3,46,16,0,26587,26
1140,0,21,1,0,0,10.2,2.0,141,53.6,4,30,14,1,56424,33
1141,1,70,0,0,0,6.5,4.1,119,51.1,2,75,12,0,20473,29
1142,1,52,5,0,0,13.6,5.7,117,52.5,5,87,14,1,52630,31
1143,0,24,4,1,0,7.1,5.3,133,52.9,0,23,18,1,63462,34
1144,1,50,0,1,1,11.9,4.0,122,56.4,10,31,20,1,66906,40
1145,1,26,3,1,1,4.2,3.6,126,55.4,6,105,20,1,71093,44
1146,1,44,2,0,1,12.9,1.7,120,67.1,4,110,16,0,30720,33
1147,1,58,4,1,0,5.9,5.5,147,57.4,9,111,14,0,24894,44
1148,0,60,2,1,1,5.2,5.2,107,53.6,1,33,12,0,36799,33
1149,0,46,1,1,1,6.3,1.1,156,64.4,0,33,20,1,75910,34
1150,0,53,3,1,1,8.3,2.0,150,56.3,1,33,16,1,71661,32
1151,1,22,1,0,0,12.2,3.3,130,46.1,7,71,18,1,52274,33
1152,0,59,0,0,1,2.5,5.1,111,49.2,0,0,18,1,65318,30
1153,1,68,2,0,1,4.2,9.0,129,59.5,6,108,18,1,58886,38
1154,0,61,0,1,1,9.7,7.0,112,44.7,0,32,20,1,65048,38
1155,1,65,4,1,0,7.7,3.4,105,53.6,8,158,18,0,34345,42
1156,0,54,2,0,0,2.1,3.9,135,64.0,4,0,20,1,64571,31
1157,1,54,0,1,1,8.2,6.1,152,58.3,4,66,12,1,54070,39
1158,0,69,1,1,1,6.4,9.1,100,46.6,0,43,12,0,34904,33
1159,0,48,3,1,0,9.5,3.2,122,56.1,1,68,12,1,62914,37
1160,0,52,1,0,1,3.8,7.1,122,53.1,2,2,12,1,63632,30
1161,1,50,0,0,1,12.7,3.7,127,56.5,9,72,18,1,55624,34
1162,1,79,0,1,0,8.6,5.4,140,60.0,3,30,18,1,61221,35
1163,0,22,1,1,0,13.2,4.4,98,58.4,3,54,10,1,56453,39
1164,0,69,2,0,0,9.1,2.9,106,55.3,2,23,18,1,64532,29
1165,1,37,2,1,1,12.5,6.8,121,47.4,4,120,18,1,59846,43
1166,0,24,2,1,1,2.7,5.1,150,63.5,2,38,16,1,66263,33
1167,0,27,2,0,1,17.6,5.5,118,54.2,4,79,16,0,25581,26
1168,0,62,5,1,1,11.7,7.8,118,52.1,5,31,10,1,63856,33
1169,0,50,3,1,1,8.1,3.7,140,53.8,4,72,18,1,66601,36
1170,1,80,0,0,1,0.0,8.5,127,61.6,4,54,18,1,61525,31
1171,1,63,3,0,0,10.0,5.0,102,57.7,7,67,16,1,52063,36
1172,1,24,0,1,1,16.1,2.3,110,53.1,3,116,20,1,66564,42
1173,0,21,2,1,1,13.8,5.8,137,56.5,0,6,10,0,31045,25
1174,0,38,0,1,0,6.3,4.0,123,61.5,2,11,18,1,69588,38
1175,0,53,0,1,0,6.0,4.9,113,57.2,5,0,14,1,66263,39
1176,0,24,5,0,0,14.1,3.3,156,59.5,1,19,20,1,61877,31
1177,0,20,5,0,1,14.7,6.6,113,50.2,2,86,12,1,54241,29
1178,1,74,0,0,1,13.6,3.7,113,52.2,4,73,10,0,19227,29
1179,0,70,0,1,1,12.0,4.9,165,59.3,3,0,16,1,69466,32
1180,0,32,3,1,1,8.3,5.7,126,54.9,4,48,16,1,67917,35
1181,1,67,2,1,1,6.2,5.9,85,58.7,7,35,12,1,63669,39
1182,1,28,4,0,1,7.1,3.4,133,58.7,10,18,20,1,60566,31
1183,0,22,2,1,1,15.1,6.0,121,52.4,2,0,18,1,67281,33
1184,0,70,1,0,1,15.5,3.4,147,57.2,0,0,10,1,58224,29
1185,1,54,3,0,1,11.4,3.5,120,57.7,2,49,10,1,50119,31
1186,0,35,4,1,1,11.4,6.5,124,57.1,2,53,14,1,67969,35
1187,0,66,1,0,1,9.2,4.0,113,62.9,1,78,14,1,56607,35
1188,0,64,0,0,1,14.0,6.5,107,58.0,5,0,12,1,56305,29
1189,1,70,4,1,1,14.9,2.6,138,56.8,3,127,12,1,56814,39
1190,1,68,1,0,0,15.8,4.8,107,51.1,5,98,18,1,55294,40
1191,0,31,4,0,1,13.3,7.8,162,52.0,5,89,12,1,52877,31
1192,1,67,1,1,0,10.8,6.3,156,60.9,7,69,14,1,58128,44
1193,0,67,5,0,1,9.7,4.5,143,60.7,0,24,12,1,58423,24
1194,0,41,3,1,1,7.9,6.6,121,62.2,3,16,20,1,73426,32
1195,0,77,4,0,1,6.7,6.5,145,59.7,1,84,20,0,34628,29
1196,1,50,3,1,1,10.4,3.9,71,66.1,9,119,16,1,57497,41
1197,1,75,4,0,0,7.6,4.6,124,59.0,6,60,18,1,52038,34
1198,0,57,0,1,0,11.0,6.9,124,64.7,0,36,18,1,63872,40
1199,1,27,0,0,1,14.1,7.5,140,55.1,3,78,14,1,49685,32
1200,0,65,5,0,0,14.8,5.7,108,62.5,4,0,16,1,59024,29
1201,0,36,5,1,1,7.1,4.4,147,54.7,1,25,10,0,31457,28
1202,0,26,5,1,1,8.2,2.0,142,51.3,1,26,14,0,31254,33
1203,0,72,4,0,0,3.4,1.1,127,57.6,4,37,10,1,59662,33
1204,1,52,4,1,1,3.0,1.0,114,54.2,6,56,18,1,61731,36
1205,0,72,2,1,1,8.7,6.5,150,57.0,0,27,20,1,70222,33
1206,1,69,0,1,0,3.4,7.1,152,59.4,2,66,18,1,58483,42
1207,1,29,1,1,1,2.5,4.4,103,48.6,4,33,16,1,67279,37
1208,0,68,4,1,0,3.6,4.2,105,60.2,1,8,14,0,32548,32
1209,0,38,5,0,0,17.5,3.4,115,53.3,5,28,10,1,56383,28
1210,1,72,5,0,1,11.0,4.8,110,51.0,5,47,16,0,22460,30
1211,0,51,5,1,1,8.8,5.6,123,56.6,0,46,20,0,36230,31
1212,0,73,2,1,1,2.3,3.7,158,58.1,4,60,14,1,69165,41
1213,1,58,2,0,1,11.7,1.5,131,56.2,1,51,18,0,28098,29
1214,1,38,5,1,1,6.0,8.9,108,50.5,2,29,18,1,59496,35
1215,1,32,5,1,1,7.0,4.0,145,51.0,5,64,16,1,66524,35
1216,0,36,2,0,1,7.2,1.7,104,56.7,1,73,18,1,59906,29
1217,1,47,2,0,1,15.4,7.6,124,58.7,7,14,20,1,61198,33
1218,1,75,3,0,1,14.4,5.8,123,53.1,7,81,14,1,51844,33
1219,1,59,3,1,0,12.6,2.8,125,58.6,10,0,16,1,61204,37
1220,0,56,4,1,1,15.3,4.7,112,50.9,0,37,14,1,64661,36
1221,1,35,2,0,0,17.8,6.9,144,56.2,6,122,14,1,47834,34
1222,0,44,3,0,0,13.5,0.5,110,61.3,3,31,16,1,55001,32
1223,0,66,2,0,0,10.9,2.3,90,45.4,2,46,16,1,62169,29
1224,1,47,5,0,0,5.7,4.3,136,49.4,6,74,14,1,47920,35
1225,0,27,3,1,1,11.2,2.0,119,50.5,1,59,20,0,43998,32
1226,1,28,3,1,1,7.0,5.2,124,54.6,3,154,12,1,56788,39
1227,1,53,4,1,1,12.7,2.5,78,55.6,0,82,16,1,62763,39
1228,1,68,1,0,1,9.0,1.2,149,44.8,4,53,14,1,52146,35
1229,0,39,1,1,1,6.5,4.1,131,51.3,5,53,16,1,63882,38
1230,1,80,2,0,0,17.0,6.8,138,56.4,8,45,22,1,53790,35
1231,1,21,0,0,1,15.7,5.9,104,46.9,0,72,18,0,30613,24
1232,1,60,5,1,0,15.0,6.5,128,55.1,5,135,20,1,59752,43
1233,0,38,5,0,1,11.5,4.2,120,53.4,2,48,14,1,55373,29
1234,1,31,1,0,1,0.5,4.1,118,51.2,6,115,20,1,65409,39
1235,1,46,2,1,0,11.1,7.4,112,54.8,4,20,12,1,59151,37
1236,1,31,3,0,1,11.9,4.8,134,56.2,7,76,18,1,54129,36
1237,1,76,2,1,1,1.8,5.2,98,54.7,6,47,10,1,57003,36
1238,0,20,2,1,1,9.1,5.7,143,58.2,2,0,14,1,63293,35
1239,1,28,4,1,0,7.0,5.9,128,54.3,9,101,20,0,36045,37
1240,0,68,4,0,1,7.7,5.0,124,46.2,2,41,18,1,61473,32
1241,1,30,3,0,1,6.5,9.2,150,59.6,4,24,12,1,53490,26
1242,0,28,1,0,1,11.6,1.3,99,62.4,5,66,12,0,30965,29
1243,1,26,1,1,1,10.9,6.0,131,56.9,6,32,12,1,57898,39
1244,1,56,1,0,1,13.4,5.6,172,64.9,7,67,14,0,26456,27
1245,1,32,1,0,0,11.8,3.8,107,54.8,9,90,20,0,29569,35
1246,0,51,4,1,1,10.4,3.5,116,52.3,0,55,14,1,69429,33
1247,0,63,0,0,1,14.5,5.2,103,51.8,2,50,16,0,26441,26
1248,1,29,5,1,1,8.9,6.8,111,49.2,2,35,22,0,40794,33
1249,1,78,5,1,0,11.3,5.1,110,47.3,7,115,14,0,27934,42
1250,1,51,4,1,1,8.7,3.7,150,52.9,8,62,12,1,61651,43
1251,1,77,2,0,1,10.7,3.4,110,59.9,2,42,18,0,25119,29
1252,1,62,2,0,0,13.7,7.0,83,54.7,5,29,12,0,20765,30
1253,1,48,0,1,1,0.2,6.2,132,54.6,7,12,22,1,63113,39
1254,1,37,3,0,1,15.8,6.0,109,57.3,6,29,18,1,54656,32
1255,0,78,4,0,1,15.7,2.7,175,53.6,3,14,18,1,63443,30
1256,0,38,3,0,1,14.1,4.8,121,51.9,1,73,18,1,60426,28
1257,0,65,3,0,0,5.9,6.5,126,55.9,4,37,20,0,30459,30
1258,0,36,4,0,1,11.6,5.7,135,56.9,4,28,14,0,29919,27
1259,1,67,3,0,0,13.1,3.5,132,64.2,7,73,14,1,56272,36
1260,1,39,5,0,1,15.2,4.5,138,52.3,5,53,18,0,27388,27
1261,1,60,1,1,1,1.6,4.5,158,61.0,6,55,14,0,28399,38
1262,0,71,1,1,1,8.8,2.3,130,52.2,1,4,16,0,39512,28
1263,1,61,3,0,1,8.2,8.8,140,58.8,5,20,12,1,51895,29
1264,1,72,5,1,0,9.6,5.8,140,55.2,10,76,16,1,60312,41
1265,0,51,5,1,1,6.7,3.7,124,50.4,0,54,18,1,65364,37
1266,0,38,0,0,1,4.2,6.7,116,53.7,1,29,18,1,65152,29
1267,1,69,5,0,0,17.3,7.5,118,53.9,3,119,16,1,55309,32
1268,0,28,4,1,0,7.1,0.0,135,56.2,2,61,14,0,32850,33
1269,0,44,2,1,1,15.3,6.7,92,50.8,2,66,12,1,66254,33
1270,1,38,3,0,0,9.1,5.7,143,54.5,1,92,14,1,51141,30
1271,0,39,0,0,0,15.7,5.8,81,61.2,0,48,12,0,19564,25
1272,1,40,4,0,1,15.1,6.9,143,55.0,6,75,12,0,24371,25
1273,0,52,5,0,1,15.1,7.5,116,56.2,5,3,16,0,26650,21
1274,1,38,4,1,1,5.5,6.7,129,50.8,9,95,20,1,66503,41
1275,1,29,3,0,1,10.2,3.2,91,55.8,3,5,14,0,20651,27
1276,0,68,2,1,0,8.5,6.6,89,58.9,4,0,18,1,69826,33
1277,0,80,5,1,1,11.7,4.6,121,53.3,0,29,20,1,74618,31
1278,1,57,5,0,1,8.6,5.0,154,55.0,8,103,12,0,18953,31
1279,1,20,3,1,1,6.7,8.1,87,51.7,3,26,12,0,26858,29
1280,1,60,4,1,1,9.7,1.2,98,72.1,5,0,12,0,29938,32
1281,0,30,0,0,1,6.9,5.9,116,48.8,0,45,14,1,55841,32
1282,0,65,3,1,1,12.8,8.9,113,51.9,4,12,12,0,29224,33
1283,0,42,5,1,0,11.7,9.2,132,56.2,0,14,16,1,59675,33
1284,0,31,4,1,1,10.0,5.7,86,63.6,0,42,12,1,63201,35
1285,1,20,2,1,1,6.2,3.4,128,59.6,5,0,16,1,58185,34
1286,1,72,5,0,1,13.3,3.7,122,56.3,6,63,18,1,56341,28
1287,1,55,5,0,1,16.2,5.9,131,51.6,9,73,12,0,25483,28
1288,0,51,1,1,0,8.6,0.2,127,48.7,0,73,10,0,32583,37
1289,1,23,0,0,1,9.1,5.9,101,57.4,8,58,16,1,52240,33
1290,1,71,5,0,0,14.1,5.5,107,51.6,6,157,18,1,55575,37
1291,0,31,3,0,1,17.3,5.3,97,55.6,1,12,14,0,30541,19
1292,0,70,4,0,1,9.7,3.3,123,56.5,1,56,10,1,53660,31
1293,1,27,0,0,0,11.2,7.8,114,51.1,6,74,16,1,54557,34
1294,1,76,1,0,1,0.1,3.7,104,60.5,9,105,20,1,57283,36
1295,1,59,2,0,1,12.1,3.4,116,56.9,7,65,12,1,49389,32
1296,0,38,0,1,1,11.7,6.0,117,58.5,1,54,14,1,64296,35
1297,0,49,5,1,1,9.3,6.8,145,60.1,4,57,14,1,63507,39
1298,0,41,5,0,1,17.1,8.6,92,57.7,5,53,16,1,60051,33
1299,0,55,1,1,1,15.4,4.6,125,54.4,2,37,14,0,35135,31
1300,0,62,3,0,1,6.7,7.4,110,53.6,1,4,10,1,53880,26
1301,1,63,0,0,1,16.1,6.2,161,57.0,2,103,22,1,63609,36
1302,0,22,4,0,1,10.0,7.7,106,53.3,1,12,10,1,58469,26
1303,0,56,1,0,1,5.7,4.1,112,55.4,3,22,18,1,66465,32
1304,0,34,2,0,1,16.5,3.5,170,56.7,2,39,12,1,53925,30
1305,0,76,0,0,1,13.9,5.3,132,51.7,2,14,10,1,57750,27
1306,1,31,2,1,1,5.1,2.3,138,56.5,6,17,20,0,33049,35
1307,0,67,1,1,0,8.7,4.6,129,51.8,3,31,12,0,32146,32
1308,0,76,2,1,1,7.2,7.5,119,64.1,3,83,16,1,65303,37
1309,1,56,4,0,1,9.7,5.1,111,54.5,8,91,14,1,58273,35
1310,0,80,0,0,0,11.3,6.1,137,48.3,3,2,12,1,55096,27
1311,0,50,0,0,0,11.6,5.4,118,53.6,1,9,20,1,65944,29
1312,0,36,2,1,1,15.0,5.4,150,53.5,1,32,16,1,61342,34
1313,0,36,2,1,1,18.7,5.9,129,61.0,3,58,14,1,61314,36
1314,0,20,2,0,0,12.7,0.0,96,63.8,5,40,20,0,32408,29
1315,1,39,0,1,0,15.8,3.2,134,57.3,4,60,22,0,33148,40
1316,1,24,4,1,1,13.9,5.0,109,58.4,6,41,20,1,60800,36
1317,1,69,0,1,1,3.2,6.7,130,57.9,6,45,16,1,63474,40
1318,0,67,5,0,1,12.0,5.3,115,56.5,2,22,12,0,28977,24
1319,0,25,3,0,1,12.7,3.7,72,46.4,3,46,10,0,27645,26
1320,0,21,1,1,1,8.6,8.2,79,54.3,1,37,10,1,60554,35
1321,0,46,2,0,0,3.3,6.4,115,48.8,2,24,14,1,57829,28
1322,0,25,3,0,1,9.8,6.9,97,54.9,0,18,12,1,55856,23
1323,1,20,3,1,0,4.7,4.8,127,54.8,4,19,12,0,23799,32
1324,0,49,4,0,1,6.3,6.2,132,55.8,2,42,20,1,69747,27
1325,1,24,3,0,1,8.0,4.3,165,54.1,5,117,20,1,56513,34
1326,1,24,4,1,0,10.1,6.7,114,63.1,3,3,12,1,50625,31
1327,0,65,0,0,1,14.9,5.4,99,56.1,0,1,16,1,59816,27
1328,1,57,2,1,1,6.0,6.3,78,56.4,10,103,12,0,28867,42
1329,1,34,0,1,1,7.8,4.3,116,51.0,6,2,18,1,67688,38
1330,1,37,1,0,0,6.4,7.2,99,49.4,5,90,18,1,55384,33
1331,1,58,4,0,0,16.0,6.0,158,52.3,1,159,14,1,49488,33
1332,0,48,1,0,1,11.9,8.3,116,58.8,4,69,20,1,62836,31
1333,1,28,0,1,1,4.1,6.2,131,61.7,7,44,22,1,69897,41
1334,1,76,1,0,1,6.9,3.4,103,60.1,5,41,12,1,52527,31
1335,0,41,3,1,1,8.9,7.3,134,56.9,3,9,10,0,29719,26
1336,0,38,4,0,0,9.3,4.7,135,52.9,0,20,16,1,60044,24
1337,1,42,4,1,1,10.1,6.0,141,52.0,1,91,18,1,64092,36
1338,1,27,5,1,1,9.6,2.1,93,45.2,10,159,14,0,31717,44
1339,0,35,2,0,0,10.4,5.0,167,51.6,1,32,14,1,56001,28
1340,0,57,2,1,0,14.6,4.5,130,49.2,5,29,16,1,63166,39
1341,0,20,0,1,1,14.1,4.7,151,57.3,3,37,16,0,33670,30
1342,0,60,2,0,1,10.6,4.6,136,55.7,0,12,12,1,53543,28
1343,0,62,3,0,0,13.7,6.3,130,48.2,4,38,14,1,59024,34
1344,0,59,2,1,0,19.5,2.3,145,51.1,2,49,16,0,31929,34
1345,1,36,0,1,1,15.1,2.7,123,52.0,3,55,16,1,58797,35
1346,0,62,3,0,0,1.5,4.7,133,56.2,0,73,16,0,30442,32
1347,1,33,3,1,1,10.2,7.2,131,55.0,7,38,16,1,58839,40
1348,1,78,0,0,1,14.4,1.0,126,55.2,10,152,12,1,57647,45
1349,1,40,2,0,0,14.1,6.9,118,61.0,2,123,12,1,50916,33
1350,0,36,2,0,1,2.3,3.5,137,48.7,2,1,14,1,62558,29
1351,1,73,1,0,0,15.4,3.1,136,46.4,8,77,22,1,57370,36
1352,0,59,3,0,1,7.5,5.1,149,56.4,1,0,20,1,65760,27
1353,0,76,2,0,1,6.4,2.7,83,54.3,3,28,18,1,68388,33
1354,0,77,2,1,1,6.3,8.1,91,47.7,3,131,18,1,67274,43
1355,0,42,4,0,0,11.0,5.6,126,52.8,4,13,10,1,55836,26
1356,0,25,2,0,0,9.0,3.7,126,56.2,3,28,12,1,52656,29
1357,0,80,2,1,0,13.6,4.2,111,50.5,2,43,12,1,61634,35
1358,0,76,0,0,1,11.9,4.3,106,56.4,3,43,12,0,25476,24
1359,0,39,0,1,1,16.8,5.6,164,49.7,4,26,10,1,62560,35
1360,1,36,2,0,1,13.5,5.7,109,62.6,6,77,20,0,24453,32
1361,0,30,0,1,0,11.3,8.7,90,46.4,0,37,18,1,68935,37
1362,0,34,5,1,1,9.3,6.5,124,60.6,0,36,16,0,33674,27
1363,1,53,1,0,0,14.9,5.6,120,54.2,7,100,18,0,25756,34
1364,1,55,1,1,1,14.2,3.8,115,39.9,3,57,20,1,68692,39
1365,1,71,1,1,1,7.4,4.9,124,54.9,6,40,14,0,33579,38
1366,1,74,1,1,1,14.8,4.3,115,56.9,5,72,12,1,59122,43
1367,1,30,1,0,1,9.5,5.8,150,62.6,5,6,22,1,65524,28
1368,1,66,3,1,1,16.8,3.4,140,54.4,3,74,16,1,59890,36
1369,0,78,2,0,0,2.9,5.1,90,52.4,1,20,12,1,55823,27
1370,1,58,1,1,1,9.3,6.3,156,61.8,5,38,20,1,65462,41
1371,0,25,3,1,1,13.5,6.0,118,55.6,5,98,18,1,71864,39
1372,1,48,4,0,1,14.9,6.1,122,56.1,5,59,16,0,23751,27
1373,0,43,0,1,0,4.9,5.0,115,61.1,0,31,10,1,58032,33
1374,1,20,3,1,0,8.9,3.1,117,49.0,5,70,12,1,58211,39
1375,1,71,1,0,0,11.4,2.2,105,60.8,9,82,12,1,52702,38
1376,1,64,4,0,0,6.7,7.6,144,50.5,8,66,18,1,52585,35
1377,0,60,5,1,1,6.9,5.9,130,53.7,5,38,18,1,69605,37
1378,1,73,5,1,1,7.1,1.6,130,60.3,8,59,18,1,62772,42
1379,0,73,0,0,1,13.1,6.8,102,53.9,2,0,18,0,32024,22
1380,0,35,5,0,1,10.3,2.9,122,56.3,5,31,14,1,59698,32
1381,0,62,1,1,0,14.7,2.9,144,58.5,1,16,14,1,64945,34
1382,1,70,5,1,0,9.3,6.7,113,62.5,3,6,20,1,65990,32
1383,1,49,0,1,0,13.9,4.2,112,44.9,10,81,18,1,63401,46
1384,1,33,5,1,1,18.1,6.3,104,53.2,2,114,12,1,52643,40
1385,0,34,4,0,1,12.1,5.5,101,54.6,1,0,14,1,61436,26
1386,1,45,5,1,1,8.4,10.8,145,57.3,4,0,20,1,62784,36
1387,0,32,3,0,1,14.8,3.3,118,51.2,5,84,20,1,59720,33
1388,1,62,0,1,1,10.1,5.3,86,51.6,8,59,20,1,68477,39
1389,1,41,0,0,1,14.3,5.6,129,59.8,6,0,10,0,17604,23
1390,0,54,4,0,0,4.5,8.1,115,51.6,5,17,14,1,55088,33
1391,1,35,2,1,1,10.4,7.4,150,56.4,2,0,12,0,28808,29
1392,0,60,3,0,1,5.8,3.6,112,51.7,0,51,12,1,64251,29
1393,0,59,4,0,1,7.5,5.8,97,53.3,1,58,16,1,66853,32
1394,0,79,5,1,1,9.0,4.8,95,61.6,3,14,14,0,38233,27
1395,0,72,4,1,0,9.3,6.3,138,49.5,4,42,12,1,59909,41
1396,0,48,0,1,1,12.3,5.0,132,66.1,2,27,18,1,69885,36
1397,1,43,5,0,1,7.3,5.9,136,51.6,9,92,12,0,19228,30
1398,0,72,3,0,1,6.5,5.1,128,58.2,5,39,12,1,59273,28
1399,1,27,3,0,0,6.8,7.2,115,51.8,7,70,18,0,21919,31
1400,1,27,2,1,1,11.0,5.3,98,58.7,5,109,18,1,58929,43
1401,1,48,0,1,1,1.7,0.9,169,57.9,5,15,10,1,58993,36
1402,0,78,3,1,1,15.9,6.6,119,56.4,1,39,14,1,62140,33
1403,0,58,4,1,1,12.6,6.9,120,61.1,1,65,16,0,38407,33
1404,1,78,4,0,0,12.3,5.9,118,53.4,8,49,10,1,50534,34
1405,1,70,5,1,1,1.8,5.6,139,55.2,1,75,14,1,62822,39
1406,1,80,1,1,1,10.4,3.4,95,46.4,5,59,16,0,35696,36
1407,0,71,3,0,1,13.6,1.8,82,61.0,1,41,10,1,56760,27
1408,1,21,4,1,1,11.8,6.0,152,50.7,4,46,12,1,59075,33
1409,0,61,2,0,0,12.4,5.4,155,57.8,3,23,18,0,29065,26
1410,1,26,5,1,0,11.5,4.4,125,49.4,9,29,20,1,64730,40
1411,0,78,0,1,1,11.7,7.7,101,59.2,3,39,10,0,34609,35
1412,1,66,3,1,0,5.9,2.5,133,55.1,3,82,12,1,61015,39
1413,1,25,0,1,0,4.9,4.8,146,52.9,3,92,14,1,56978,42
1414,0,64,1,0,1,3.3,5.0,91,47.3,5,17,18,0,37699,23
1415,1,44,1,0,1,8.3,4.1,141,48.8,6,93,14,0,27760,34
1416,1,64,0,0,1,2.1,6.4,164,54.5,9,72,16,1,58721,38
1417,0,24,3,1,1,16.0,7.7,150,57.9,4,58,20,1,64608,38
1418,1,27,5,1,1,15.6,6.8,131,58.6,6,13,22,1,64702,32
1419,0,44,2,0,1,14.5,4.9,123,49.7,2,23,10,1,57221,29
1420,0,54,5,0,1,7.7,2.5,130,46.7,1,59,16,0,33654,22
1421,1,60,1,1,1,8.9,3.9,115,54.0,7,48,18,1,65318,37
1422,0,47,3,1,0,15.6,4.0,166,60.0,1,1,16,1,61770,34
1423,1,76,5,1,1,8.3,5.3,122,72.9,3,54,20,1,63794,39
1424,0,49,3,1,1,11.7,2.3,137,54.8,3,16,16,1,63106,37
1425,1,30,3,1,1,12.4,5.4,150,59.0,4,46,16,1,58217,40
1426,1,77,5,0,0,9.5,4.9,134,55.4,3,31,18,1,52074,27
1427,1,25,3,0,1,15.4,2.5,147,48.9,7,95,14,0,22092,33
1428,0,80,3,0,1,6.8,9.1,81,48.9,5,25,18,1,67461,29
1429,1,80,0,0,1,7.1,4.8,104,52.8,8,34,16,1,58942,36
1430,0,76,3,1,1,13.9,4.9,136,54.2,1,22,20,0,37767,29
1431,1,57,3,1,0,11.3,6.4,107,52.8,8,9,22,1,66865,38
1432,1,29,2,0,1,7.5,6.4,103,59.3,9,78,20,1,56916,36
1433,1,46,1,0,1,8.6,3.8,89,54.7,9,46,16,0,23880,29
1434,0,26,1,0,0,14.1,5.3,95,58.4,2,27,18,1,55678,28
1435,1,45,5,0,1,8.2,4.5,85,55.1,4,34,20,1,58225,28
1436,1,43,1,0,1,10.5,3.0,130,55.2,5,62,10,0,22919,28
1437,0,78,2,1,1,6.8,9.8,101,58.5,0,57,20,1,74710,36
1438,1,22,1,0,1,4.4,7.1,112,56.4,7,48,12,1,55160,30
1439,1,39,5,1,1,6.5,3.9,132,48.6,6,74,14,1,62784,40
1440,1,50,0,1,1,3.2,4.8,139,58.0,3,27,22,1,70906,39
1441,1,69,2,0,1,11.3,3.0,132,67.1,4,70,12,1,55423,29
1442,1,37,1,1,1,8.0,4.9,149,53.0,6,0,14,0,29214,31
1443,0,69,5,0,1,16.8,7.4,149,51.6,2,74,18,1,59318,30
1444,0,29,0,0,1,10.2,5.7,99,55.0,4,9,12,1,61004,27
1445,1,67,3,1,1,15.6,5.3,135,50.4,8,70,14,1,56869,37
1446,1,65,1,0,1,13.8,6.9,128,56.5,3,72,14,1,56149,35
1447,0,22,4,0,1,6.3,8.7,126,65.2,5,12,16,0,33470,27
1448,1,74,5,0,1,9.2,4.0,145,57.5,4,97,12,0,19231,27
1449,1,58,1,1,1,11.7,2.9,100,58.1,1,0,18,1,66548,31
1450,0,48,4,1,1,11.0,4.9,134,52.7,2,20,12,1,64418,32
1451,1,73,3,0,1,12.2,6.6,137,54.8,1,49,20,1,63417,26
1452,1,71,5,1,0,14.4,5.8,131,52.4,4,94,10,1,51371,38
1453,0,27,1,1,0,12.6,2.2,131,48.3,3,48,10,0,27325,34
1454,1,43,2,1,0,11.4,6.3,118,50.5,3,90,10,0,26507,33
1455,0,25,4,0,1,10.2,4.1,145,67.6,5,7,16,1,65297,31
1456,1,46,1,0,1,9.5,4.9,129,51.5,5,83,16,1,61723,32
1457,0,39,3,1,0,5.2,2.0,147,51.8,1,39,10,0,32981,30
1458,0,54,3,0,0,15.3,2.1,94,58.4,5,21,10,0,26580,25
1459,0,21,0,1,1,10.4,2.7,129,56.3,5,17,18,1,68847,39
1460,1,74,4,0,0,6.6,8.0,116,40.5,2,40,20,1,58767,31
1461,1,28,3,1,1,11.7,4.3,112,53.5,0,83,16,0,33102,34
1462,0,32,1,0,1,11.0,8.0,120,61.7,2,35,20,1,67113,26
1463,1,68,3,1,1,6.2,6.4,145,59.0,9,53,22,1,66514,43
1464,1,49,1,0,1,2.5,3.4,112,57.8,5,0,20,1,59833,32
1465,1,49,0,1,1,9.7,2.1,112,49.0,5,105,16,0,32766,39
1466,0,56,4,0,1,14.8,4.4,134,56.5,1,71,16,1,60785,33
1467,0,27,2,0,1,13.7,4.8,124,54.7,5,75,10,1,56386,35
1468,0,57,1,0,1,10.3,4.8,118,52.2,1,25,16,1,60837,28
1469,1,50,0,0,1,9.9,1.6,133,60.0,6,91,12,1,57411,37
1470,1,29,2,1,1,8.8,4.5,119,50.8,6,32,16,1,57489,35
1471,1,40,5,0,1,8.9,4.8,113,51.8,4,97,14,1,52356,32
1472,0,78,3,1,0,6.9,5.4,144,57.4,2,19,18,1,66026,36
1473,1,70,0,1,0,12.4,5.5,77,59.2,6,33,16,1,57672,42
1474,1,54,1,1,1,9.2,8.1,94,58.4,8,16,14,1,57226,36
1475,1,53,2,0,1,5.2,6.1,131,57.8,3,8,12,0,26882,27
1476,0,60,0,1,0,5.2,6.7,97,55.6,1,31,16,1,67052,35
1477,1,38,0,0,1,18.4,6.5,128,54.8,3,84,20,1,61358,32
1478,1,62,0,0,0,7.2,4.1,166,65.3,1,87,12,1,52323,31
1479,0,21,4,0,0,7.6,6.2,119,56.6,4,7,16,1,61962,25
1480,1,38,2,0,1,6.2,0.1,141,56.5,5,150,10,1,49099,41
1481,0,78,4,1,1,14.9,2.8,115,51.5,5,0,12,1,65973,33
1482,0,69,3,0,1,8.5,5.0,115,58.3,1,40,10,1,53036,30
1483,0,31,2,1,1,3.7,4.1,79,53.9,4,48,10,0,37145,33
1484,1,48,1,0,1,10.5,6.1,115,51.6,6,90,20,1,58162,33
1485,1,36,5,1,1,11.6,4.1,93,53.8,3,48,18,0,29930,34
1486,0,67,0,0,0,5.5,2.1,129,53.0,2,73,20,0,27804,28
1487,1,26,5,0,1,13.5,5.4,137,62.0,3,75,16,0,21080,29
1488,1,44,1,0,0,0.3,5.7,140,50.1,6,107,10,1,47966,37
1489,1,51,1,0,1,4.5,7.7,148,53.5,7,43,12,1,52765,34
1490,0,45,2,0,1,8.6,6.4,142,57.6,2,0,10,0,22097,19
1491,1,47,0,1,1,8.9,2.3,138,60.3,9,104,16,1,59260,43
1492,0,51,3,1,1,15.4,1.3,156,50.7,0,25,12,1,68643,31
1493,1,70,3,0,0,8.5,4.4,115,53.0,6,95,18,1,54922,39
1494,1,74,2,1,1,10.9,1.8,108,54.3,9,38,16,0,28629,33
1495,0,53,4,0,1,12.9,5.0,112,56.6,3,57,12,0,29386,25
1496,1,35,5,0,1,8.4,4.8,132,55.9,4,68,20,0,27727,25
1497,1,78,5,1,0,9.3,5.2,126,55.1,8,12,18,1,65017,39
1498,1,27,1,0,1,15.2,7.5,141,49.9,6,99,18,1,58606,35
1499,1,79,2,0,1,13.5,5.1,132,47.9,9,96,20,1,56877,34
1500,0,53,3,0,1,12.0,8.9,94,59.0,5,63,18,1,58198,33
1501,1,54,4,1,1,2.3,5.6,117,56.2,7,33,20,1,61668,41
1502,0,35,5,0,1,5.7,3.3,120,46.3,1,62,12,1,57451,28
1503,1,67,5,1,0,7.7,4.3,82,46.5,2,141,12,1,55596,45
1504,1,61,3,0,1,5.4,5.4,145,61.2,6,76,10,1,47855,30
1505,0,62,4,1,1,10.9,5.1,148,51.6,5,30,16,0,36525,33
1506,0,60,0,0,0,16.2,7.7,137,49.8,4,0,18,0,27563,24
1507,0,57,2,0,0,12.3,3.2,112,59.8,3,80,20,1,59141,37
1508,0,30,0,1,1,1.1,3.9,104,52.3,2,24,10,0,37515,34
1509,0,61,4,1,1,9.7,6.8,145,54.2,5,48,18,0,41857,34
1510,1,36,4,1,1,12.8,5.5,117,63.3,7,76,20,1,60628,40
1511,0,25,0,0,1,9.1,5.3,134,68.4,1,6,16,1,61722,27
1512,0,22,0,1,1,11.7,6.0,146,50.4,3,15,18,0,39367,29
1513,1,74,1,1,1,17.6,7.7,119,55.6,8,104,18,0,34168,38
1514,0,26,1,0,1,12.8,4.0,103,60.9,2,21,20,0,35132,24
1515,1,74,2,0,0,9.0,4.3,121,47.9,4,109,12,0,23008,34
1516,0,28,4,0,0,8.1,5.1,105,47.6,1,42,10,0,24566,26
1517,0,30,0,0,0,10.5,6.9,126,59.0,2,24,12,1,50079,32
1518,0,59,3,1,1,12.3,5.0,133,53.5,0,57,16,1,68784,34
1519,1,25,1,1,1,7.9,6.5,132,58.4,3,38,12,1,60279,39
1520,1,33,3,0,1,8.0,6.5,129,47.4,3,123,12,1,53714,35
1521,1,51,0,0,1,10.1,4.7,94,55.7,2,82,18,0,26399,28
1522,0,63,3,1,0,11.2,5.0,79,49.9,5,52,16,1,59523,38
1523,0,62,5,0,1,11.5,6.6,72,56.2,3,0,16,1,57629,23
1524,1,46,5,1,1,11.8,6.9,139,57.0,9,48,14,1,57589,35
1525,1,43,1,0,1,7.6,5.6,123,53.4,5,11,10,1,48629,31
1526,0,50,3,0,0,10.2,2.0,112,58.3,3,40,20,1,63606,29
1527,0,31,0,1,1,13.5,3.9,140,61.9,4,64,18,0,36782,39
1528,0,59,2,1,0,15.0,4.3,126,53.5,5,47,18,0,37132,37
1529,0,73,0,1,1,14.8,4.7,140,45.8,5,8,10,1,60171,37
1530,0,55,4,1,1,10.5,7.1,90,57.2,0,0,18,1,65993,30
1531,0,80,1,0,0,4.1,3.8,128,55.9,1,8,20,1,59692,29
1532,0,44,0,0,1,14.2,4.7,82,63.8,1,0,16,1,60017,25
1533,0,42,4,1,1,10.7,4.2,130,57.2,1,57,10,0,31309,30
1534,1,43,5,0,1,13.8,0.6,103,57.8,7,58,12,1,50572,32
1535,1,43,0,1,1,11.9,6.6,151,59.3,1,68,20,1,67889,39
1536,0,74,4,0,1,10.7,5.4,135,56.4,2,5,18,1,64311,24
1537,1,58,3,0,1,18.6,4.0,165,56.3,8,0,20,0,25978,29
1538,0,38,5,1,0,10.4,4.3,97,58.5,3,20,18,1,70092,34
1539,1,50,1,0,1,17.3,3.2,108,56.2,9,92,10,0,21268,32
1540,1,71,3,0,0,10.1,5.9,109,53.9,3,38,14,1,46884,33
1541,0,27,4,0,1,8.9,0.4,148,61.1,2,48,12,1,60281,29
1542,0,50,4,1,1,14.1,5.1,136,49.7,0,48,20,1,73107,36
1543,1,58,4,0,0,10.5,4.8,100,51.3,4,116,18,0,21273,29
1544,1,22,3,0,1,9.4,5.6,135,48.6,0,116,16,1,54194,29
1545,1,26,4,0,1,5.0,5.6,131,57.8,6,60,18,1,57862,30
1546,1,60,4,1,1,11.8,7.2,105,58.3,8,0,10,0,27457,27
1547,1,45,5,0,1,5.2,6.3,97,59.2,9,53,16,1,56345,32
1548,0,80,0,0,0,9.9,4.6,119,62.9,2,28,10,1,51835,33
1549,1,42,4,0,0,12.1,3.5,95,50.5,6,37,12,1,47389,32
1550,0,58,1,1,1,11.8,2.3,92,59.9,2,48,16,1,67898,39
1551,0,35,3,0,1,16.6,0.4,157,64.1,3,0,14,1,62743,30
1552,0,80,4,1,1,6.8,10.1,132,55.9,0,43,20,1,66087,36
1553,1,22,5,1,1,13.5,3.7,78,46.6,1,43,16,1,59333,33
1554,0,32,3,1,0,14.2,4.8,117,58.7,1,0,20,1,67650,33
1555,0,31,1,0,0,10.6,5.4,164,55.6,1,0,18,1,60202,27
1556,1,26,4,0,1,15.2,1.7,110,66.9,2,65,14,1,51813,30
1557,0,29,0,0,1,6.8,1.9,113,60.7,5,27,10,1,59870,34
1558,0,78,0,1,1,4.2,4.2,149,61.4,0,0,18,1,69064,35
1559,0,46,4,0,0,9.4,2.3,114,57.6,2,14,20,1,58517,32
1560,1,39,5,0,1,12.7,4.4,133,58.5,2,92,16,1,59916,34
1561,1,79,5,1,1,9.7,6.0,163,54.9,5,66,18,1,66127,39
1562,0,71,5,1,0,12.4,6.3,153,55.9,5,59,20,1,66409,36
1563,0,27,2,1,0,9.1,7.9,101,49.2,1,0,18,1,69361,31
1564,0,20,4,1,1,14.1,9.9,121,53.2,1,6,12,1,59695,30
1565,1,27,5,0,1,12.0,2.4,115,52.0,7,42,16,1,61322,30
1566,0,47,4,1,0,13.1,5.9,105,55.6,4,31,14,0,27580,33
1567,0,23,3,0,0,11.8,0.9,123,44.9,1,18,14,1,58855,32
1568,0,78,1,0,1,12.8,4.4,112,52.5,1,0,16,1,57713,24
1569,1,61,5,0,1,8.2,5.4,107,46.0,7,40,18,0,32410,26
1570,1,64,5,1,1,7.0,7.6,131,55.2,1,104,14,1,61466,36
1571,1,54,2,1,0,13.9,7.0,153,56.3,2,11,18,1,55033,34
1572,0,67,2,0,1,7.3,6.1,104,48.2,4,7,14,1,58092,27
1573,0,47,2,0,1,9.4,3.3,118,53.3,2,6,14,1,63932,28
1574,0,45,5,1,1,11.2,3.9,148,55.6,0,26,12,0,33714,26
1575,1,24,4,1,1,8.8,4.0,150,50.9,10,92,20,0,30490,42
1576,1,42,5,0,1,11.8,5.7,152,59.4,6,49,20,1,58987,30
1577,1,39,3,0,1,11.6,2.7,102,54.2,1,24,14,0,23935,22
1578,0,79,3,1,1,8.0,5.0,152,51.1,5,51,20,1,66268,36
1579,1,40,0,0,1,10.9,3.8,107,43.9,2,39,20,0,24478,28
1580,0,78,3,1,1,4.4,4.9,114,57.3,4,0,10,0,30179,32
1581,0,75,0,1,1,16.3,2.2,82,48.5,2,6,10,0,35259,34
1582,0,41,4,0,0,16.1,4.0,126,51.8,5,56,10,0,19453,28
1583,0,29,4,1,0,9.8,5.3,142,61.0,5,86,18,1,63497,39
1584,1,21,0,0,1,15.7,4.5,122,54.1,8,50,18,1,60587,31
1585,1,50,5,1,1,19.4,4.2,139,52.4,4,22,12,1,54359,37
1586,0,76,2,0,1,17.3,3.4,122,61.1,0,0,20,1,60170,29
1587,0,46,3,1,0,4.9,3.0,126,55.1,1,56,14,0,36997,33
1588,1,73,3,1,0,8.2,3.8,94,52.2,2,119,10,1,49031,43
1589,0,27,3,0,0,5.3,9.4,143,55.8,1,39,14,1,53829,25
1590,0,72,3,0,1,8.0,4.5,99,53.9,1,27,10,1,55483,27
1591,1,52,3,1,0,15.7,7.9,132,59.7,1,106,20,1,56131,43
1592,0,37,0,0,0,9.5,7.2,120,55.6,0,45,10,1,53314,32
1593,0,45,2,0,0,13.2,5.3,142,56.8,3,33,18,0,26268,30
1594,0,72,1,0,1,7.3,3.5,119,45.1,3,24,18,1,65521,27
1595,0,57,2,0,0,14.3,6.0,131,50.6,0,49,18,0,24096,27
1596,1,20,2,1,1,6.1,9.7,105,51.3,7,55,18,1,67835,37
1597,1,75,3,0,1,8.9,5.2,86,59.9,2,43,18,1,59798,29
1598,1,29,0,0,1,4.5,5.4,137,53.5,6,61,16,1,61423,34
1599,1,77,0,0,1,7.5,5.1,143,57.4,0,4,10,0,18404,25
1600,0,21,0,0,1,6.7,4.0,140,59.7,2,38,10,1,59181,32
